locationid,locationname,time,regionid
ADMIN_BVT_00000,Bouvet I.,1995,SOUT
ADMIN_FLK_00000,Falkland Islands,1995,SOUT
ADMIN_SGS_00000,South Georgia & the,1995,SOUT
ADMIN_DZA_00000,Ain Temouchent,1995,SMED
ADMIN_DZA_00001,Laghouat,1995,SMED
ADMIN_DZA_00002,Oum el Bouaghi,1995,SMED
ADMIN_DZA_00003,Skikda,1995,SMED
ADMIN_DZA_00004,Tamanghasset,1995,SMED
ADMIN_DZA_00005,Illizi,1995,SMED
ADMIN_DZA_00006,Djelfa,1995,SMED
ADMIN_DZA_00007,Bouira,1995,SMED
ADMIN_DZA_00008,Relizane,1995,SMED
ADMIN_DZA_00009,Tissemsilt,1995,SMED
ADMIN_DZA_00010,Batna,1995,SMED
ADMIN_DZA_00011,Constantine,1995,SMED
ADMIN_DZA_00012,M'Sila,1995,SMED
ADMIN_DZA_00013,Tiaret,1995,SMED
ADMIN_DZA_00014,Tlemcen,1995,SMED
ADMIN_DZA_00015,Annaba,1995,SMED
ADMIN_DZA_00016,Boumerdes,1995,SMED
ADMIN_DZA_00017,Bejaia,1995,SMED
ADMIN_DZA_00018,Tindouf,1995,SMED
ADMIN_DZA_00019,Tipaza,1995,SMED
ADMIN_DZA_00020,Ain Defla,1995,SMED
ADMIN_DZA_00021,Naama,1995,SMED
ADMIN_DZA_00022,Chlef,1995,SMED
ADMIN_DZA_00023,El Tarf,1995,SMED
ADMIN_DZA_00024,Blida,1995,SMED
ADMIN_DZA_00025,Ghardaia,1995,SMED
ADMIN_DZA_00026,Mostaganem,1995,SMED
ADMIN_DZA_00027,Khenchela,1995,SMED
ADMIN_DZA_00028,Tizi Ouzou,1995,SMED
ADMIN_DZA_00029,Saida,1995,SMED
ADMIN_DZA_00030,Medea,1995,SMED
ADMIN_DZA_00031,Adrar,1995,SMED
ADMIN_DZA_00032,Guelma,1995,SMED
ADMIN_DZA_00033,Alger,1995,SMED
ADMIN_DZA_00034,El Bayadh,1995,SMED
ADMIN_DZA_00035,Ouargla,1995,SMED
ADMIN_DZA_00036,Souk Ahras,1995,SMED
ADMIN_DZA_00037,Sidi bel Abbes,1995,SMED
ADMIN_DZA_00038,Bourdj Bou Arrer,1995,SMED
ADMIN_DZA_00039,Mila,1995,SMED
ADMIN_DZA_00040,Oran,1995,SMED
ADMIN_DZA_00041,Jijel,1995,SMED
ADMIN_DZA_00042,Tebessa,1995,SMED
ADMIN_DZA_00043,Setif,1995,SMED
ADMIN_DZA_00044,El Oued,1995,SMED
ADMIN_DZA_00045,Mascara,1995,SMED
ADMIN_DZA_00046,Bechar,1995,SMED
ADMIN_DZA_00047,Biskra,1995,SMED
ADMIN_EGY_00000,Al Wadi al Jadid,1995,SMED
ADMIN_EGY_00001,Ash Sharqiyah,1995,SMED
ADMIN_EGY_00002,Aswan,1995,SMED
ADMIN_EGY_00003,Al Minufiyah,1995,SMED
ADMIN_EGY_00004,Shamal Sina',1995,SMED
ADMIN_EGY_00005,Al Qalyubiyah,1995,SMED
ADMIN_EGY_00006,Al Buhayrah,1995,SMED
ADMIN_EGY_00007,Bani Suwayf,1995,SMED
ADMIN_EGY_00008,Janub Sina',1995,SMED
ADMIN_EGY_00009,Al Jizah,1995,SMED
ADMIN_EGY_00010,Al Minya,1995,SMED
ADMIN_EGY_00011,Asyut,1995,SMED
ADMIN_EGY_00012,Al Fayyum,1995,SMED
ADMIN_EGY_00013,Suhaj,1995,SMED
ADMIN_EGY_00014,Al Qahirah,1995,SMED
ADMIN_EGY_00015,Qina,1995,SMED
ADMIN_EGY_00016,Bur Sa'id,1995,SMED
ADMIN_EGY_00017,Kafr ash Shaykh,1995,SMED
ADMIN_EGY_00018,Marsa Matruh,1995,SMED
ADMIN_EGY_00019,Dumyat,1995,SMED
ADMIN_EGY_00020,As Suways,1995,SMED
ADMIN_EGY_00021,Al Isma'iliyah,1995,SMED
ADMIN_EGY_00022,Al Bahr al Ahmar,1995,SMED
ADMIN_EGY_00023,Al Iskandariyah,1995,SMED
ADMIN_EGY_00024,Ad Daqahliyah,1995,SMED
ADMIN_EGY_00025,Al Gharbiyah,1995,SMED
ADMIN_ISR_00000,Hefa,1995,SMED
ADMIN_ISR_00001,Tel Aviv,1995,SMED
ADMIN_ISR_00002,Hadarom,1995,SMED
ADMIN_ISR_00003,Hazafon,1995,SMED
ADMIN_ISR_00004,Hamerkaz,1995,SMED
ADMIN_ISR_00005,Yerushalayim,1995,SMED
ADMIN_JOR_00000,At Tafilah,1995,SMED
ADMIN_JOR_00001,Az Zarqa,1995,SMED
ADMIN_JOR_00002,Al Balqa',1995,SMED
ADMIN_JOR_00003,Ma'an,1995,SMED
ADMIN_JOR_00004,Al Mafraq,1995,SMED
ADMIN_JOR_00005,Irbid,1995,SMED
ADMIN_JOR_00006,'Amman,1995,SMED
ADMIN_JOR_00007,Al Karak,1995,SMED
ADMIN_LBN_00000,Bayrut,1995,SMED
ADMIN_LBN_00001,Ash Shamal,1995,SMED
ADMIN_LBN_00002,Jabal Lubnan,1995,SMED
ADMIN_LBN_00003,Al Biqa',1995,SMED
ADMIN_LBN_00004,An Nabatiyah,1995,SMED
ADMIN_LBN_00005,Sayda,1995,SMED
ADMIN_LBY_00000,Ajdabiya,1995,SMED
ADMIN_LBY_00001,Sabha,1995,SMED
ADMIN_LBY_00002,Al Jabal al Akhdar,1995,SMED
ADMIN_LBY_00003,Tarabulus,1995,SMED
ADMIN_LBY_00004,Banghazi,1995,SMED
ADMIN_LBY_00005,Darnah,1995,SMED
ADMIN_LBY_00006,An Nuqat al Khams,1995,SMED
ADMIN_LBY_00007,Zlitan,1995,SMED
ADMIN_LBY_00008,Al Khums,1995,SMED
ADMIN_LBY_00009,Murzuq,1995,SMED
ADMIN_LBY_00010,Al Jufrah,1995,SMED
ADMIN_LBY_00011,Gharyan,1995,SMED
ADMIN_LBY_00012,Yafran,1995,SMED
ADMIN_LBY_00013,Tarhunah,1995,SMED
ADMIN_LBY_00014,Al 'Aziziyah,1995,SMED
ADMIN_LBY_00015,Surt,1995,SMED
ADMIN_LBY_00016,Awbari,1995,SMED
ADMIN_LBY_00017,Ghadamis,1995,SMED
ADMIN_LBY_00018,Al Kufrah,1995,SMED
ADMIN_LBY_00019,Az Zawiyah,1995,SMED
ADMIN_LBY_00020,Tubruq,1995,SMED
ADMIN_LBY_00021,Ash Shati',1995,SMED
ADMIN_LBY_00022,Misratah,1995,SMED
ADMIN_LBY_00023,Al Fatih,1995,SMED
ADMIN_LBY_00024,Sawfajjin,1995,SMED
ADMIN_MAR_00006,Eastern,1995,SMED
ADMIN_PSE_00000,Gaza Strip,1995,SMED
ADMIN_PSE_00001,West Bank,1995,SMED
ADMIN_SYR_00000,As Suwayda',1995,SMED
ADMIN_SYR_00001,Tartus,1995,SMED
ADMIN_SYR_00002,Al Ladhiqiyah,1995,SMED
ADMIN_SYR_00003,Dar'a,1995,SMED
ADMIN_SYR_00004,Dayr az Zawr,1995,SMED
ADMIN_SYR_00005,Halab,1995,SMED
ADMIN_SYR_00006,Hims,1995,SMED
ADMIN_SYR_00007,Idlib,1995,SMED
ADMIN_SYR_00008,Al Qunaytirah,1995,SMED
ADMIN_SYR_00009,Al Hasakah,1995,SMED
ADMIN_SYR_00010,Ar Raqqah,1995,SMED
ADMIN_SYR_00011,Dimashq,1995,SMED
ADMIN_SYR_00012,Hamah,1995,SMED
ADMIN_TUN_00000,Qabis,1995,SMED
ADMIN_TUN_00001,Al Qayrawan,1995,SMED
ADMIN_TUN_00002,Tatawin,1995,SMED
ADMIN_TUN_00003,Nabul,1995,SMED
ADMIN_TUN_00004,Qafsah,1995,SMED
ADMIN_TUN_00005,Tawzar,1995,SMED
ADMIN_TUN_00006,Bajah,1995,SMED
ADMIN_TUN_00007,Jundubah,1995,SMED
ADMIN_TUN_00008,Aryanah,1995,SMED
ADMIN_TUN_00009,Al Kaf,1995,SMED
ADMIN_TUN_00010,Tunis,1995,SMED
ADMIN_TUN_00011,Bin 'Arus,1995,SMED
ADMIN_TUN_00012,Banzart,1995,SMED
ADMIN_TUN_00013,Zaghwan,1995,SMED
ADMIN_TUN_00014,Quibili,1995,SMED
ADMIN_TUN_00015,Al Mahdiyah,1995,SMED
ADMIN_TUN_00016,Al Qasrayn,1995,SMED
ADMIN_TUN_00017,Sidi Bu Zayd,1995,SMED
ADMIN_TUN_00018,Madaniyin,1995,SMED
ADMIN_TUN_00019,Silyanah,1995,SMED
ADMIN_TUN_00020,Susah,1995,SMED
ADMIN_TUN_00021,Safaqis,1995,SMED
ADMIN_TUN_00022,Al Munastir,1995,SMED
ADMIN_TUR_00000,Istanbul,1995,SMED
ADMIN_TUR_00001,Tekirdag,1995,SMED
ADMIN_TUR_00002,Kastamonu,1995,SMED
ADMIN_TUR_00003,Icel,1995,SMED
ADMIN_TUR_00004,Kahraman Maras,1995,SMED
ADMIN_TUR_00005,Edirne,1995,SMED
ADMIN_TUR_00006,Amasya,1995,SMED
ADMIN_TUR_00007,Konya,1995,SMED
ADMIN_TUR_00008,Adiyaman,1995,SMED
ADMIN_TUR_00009,Rize,1995,SMED
ADMIN_TUR_00010,Sivas,1995,SMED
ADMIN_TUR_00011,Nevsehir,1995,SMED
ADMIN_TUR_00012,Mus,1995,SMED
ADMIN_TUR_00013,Canakkale,1995,SMED
ADMIN_TUR_00014,Kirsehir,1995,SMED
ADMIN_TUR_00015,Kirklareli,1995,SMED
ADMIN_TUR_00016,Van,1995,SMED
ADMIN_TUR_00017,Yozgat,1995,SMED
ADMIN_TUR_00018,Isparta,1995,SMED
ADMIN_TUR_00019,Gumshane,1995,SMED
ADMIN_TUR_00020,Denizli,1995,SMED
ADMIN_TUR_00021,Mardin,1995,SMED
ADMIN_TUR_00022,Hakkari,1995,SMED
ADMIN_TUR_00023,Corum,1995,SMED
ADMIN_TUR_00024,Kutahya,1995,SMED
ADMIN_TUR_00025,Bilecik,1995,SMED
ADMIN_TUR_00026,Kars,1995,SMED
ADMIN_TUR_00027,Bursa,1995,SMED
ADMIN_TUR_00028,Adana,1995,SMED
ADMIN_TUR_00029,Aydin,1995,SMED
ADMIN_TUR_00030,Balikesir,1995,SMED
ADMIN_TUR_00031,Trabzon,1995,SMED
ADMIN_TUR_00032,Afyon,1995,SMED
ADMIN_TUR_00033,Agri,1995,SMED
ADMIN_TUR_00034,Diyarbakir,1995,SMED
ADMIN_TUR_00035,Eskisehir,1995,SMED
ADMIN_TUR_00036,Izmir,1995,SMED
ADMIN_TUR_00037,Mugla,1995,SMED
ADMIN_TUR_00038,Artvin,1995,SMED
ADMIN_TUR_00039,Burdur,1995,SMED
ADMIN_TUR_00040,Giresun,1995,SMED
ADMIN_TUR_00041,Kocaeli,1995,SMED
ADMIN_TUR_00042,Siirt,1995,SMED
ADMIN_TUR_00043,Malatya,1995,SMED
ADMIN_TUR_00044,Bingol,1995,SMED
ADMIN_TUR_00045,Tunceli,1995,SMED
ADMIN_TUR_00046,Ordu,1995,SMED
ADMIN_TUR_00047,Elazig,1995,SMED
ADMIN_TUR_00048,Tokat,1995,SMED
ADMIN_TUR_00049,Erzincan,1995,SMED
ADMIN_TUR_00050,Sinop,1995,SMED
ADMIN_TUR_00051,Hatay,1995,SMED
ADMIN_TUR_00052,Zonguldak,1995,SMED
ADMIN_TUR_00053,Bitlis,1995,SMED
ADMIN_TUR_00054,Gaziantep,1995,SMED
ADMIN_TUR_00055,Erzurum,1995,SMED
ADMIN_TUR_00056,Kayseri,1995,SMED
ADMIN_TUR_00057,Urfa,1995,SMED
ADMIN_TUR_00058,Cankiri,1995,SMED
ADMIN_TUR_00059,Samsun,1995,SMED
ADMIN_TUR_00060,Nigde,1995,SMED
ADMIN_TUR_00061,Bolu,1995,SMED
ADMIN_TUR_00062,Manisa,1995,SMED
ADMIN_TUR_00063,Sakarya,1995,SMED
ADMIN_TUR_00064,Ankara,1995,SMED
ADMIN_TUR_00065,Usak,1995,SMED
ADMIN_TUR_00066,Antalya,1995,SMED
ADMIN_BRN_00000,Brunei,1995,SEAS
ADMIN_IDN_00000,Aceh,1995,SEAS
ADMIN_IDN_00001,Jawa Timur,1995,SEAS
ADMIN_IDN_00002,Kalimantan Tengah,1995,SEAS
ADMIN_IDN_00003,Jawa Barat,1995,SEAS
ADMIN_IDN_00004,Sulawesi Tenggara,1995,SEAS
ADMIN_IDN_00005,Sumatera Barat,1995,SEAS
ADMIN_IDN_00006,Yogyakarta,1995,SEAS
ADMIN_IDN_00007,Maluku,1995,SEAS
ADMIN_IDN_00008,Sulawesi Utara,1995,SEAS
ADMIN_IDN_00009,Jawa Tengah,1995,SEAS
ADMIN_IDN_00010,Jambi,1995,SEAS
ADMIN_IDN_00011,Lampung,1995,SEAS
ADMIN_IDN_00012,Kalimantan Selatan,1995,SEAS
ADMIN_IDN_00013,Nusa Tenggara Timur,1995,SEAS
ADMIN_IDN_00014,Riau,1995,SEAS
ADMIN_IDN_00015,Sumatera Selatan,1995,SEAS
ADMIN_IDN_00016,Jakarta Raya,1995,SEAS
ADMIN_IDN_00017,Sulawesi Selatan,1995,SEAS
ADMIN_IDN_00018,Bali,1995,SEAS
ADMIN_IDN_00019,Kalimantan Timur,1995,SEAS
ADMIN_IDN_00020,Bengkulu,1995,SEAS
ADMIN_IDN_00021,Sumatera Utara,1995,SEAS
ADMIN_IDN_00022,Nusa Tenggara Barat,1995,SEAS
ADMIN_IDN_00023,Sulawesi Tengah,1995,SEAS
ADMIN_IDN_00024,Kalimantan Barat,1995,SEAS
ADMIN_IDN_00025,Irian Jaya,1995,SEAS
ADMIN_KHM_00000,Kracheh,1995,SEAS
ADMIN_KHM_00001,Kampong Cham,1995,SEAS
ADMIN_KHM_00002,Prey Veng,1995,SEAS
ADMIN_KHM_00003,Kampong Thum,1995,SEAS
ADMIN_KHM_00004,Preah Vihear,1995,SEAS
ADMIN_KHM_00005,Rotanokiri,1995,SEAS
ADMIN_KHM_00006,Kampong Chhnang,1995,SEAS
ADMIN_KHM_00007,Takev,1995,SEAS
ADMIN_KHM_00008,Stoeng Treng,1995,SEAS
ADMIN_KHM_00009,Svay Rieng,1995,SEAS
ADMIN_KHM_00010,Batdambang,1995,SEAS
ADMIN_KHM_00011,Kampot,1995,SEAS
ADMIN_KHM_00012,Kampong Spoe,1995,SEAS
ADMIN_KHM_00013,Siemreab-Otdar Meanc,1995,SEAS
ADMIN_KHM_00014,Mondol Kiri,1995,SEAS
ADMIN_KHM_00015,Kaoh Kong,1995,SEAS
ADMIN_KHM_00016,Pouthisat,1995,SEAS
ADMIN_KHM_00017,Phnum Penh,1995,SEAS
ADMIN_KHM_00018,Kandal,1995,SEAS
ADMIN_LAO_00000,Xaignabouri,1995,SEAS
ADMIN_LAO_00001,Xiangkhoang,1995,SEAS
ADMIN_LAO_00002,Viangchan,1995,SEAS
ADMIN_LAO_00003,Khammouan,1995,SEAS
ADMIN_LAO_00004,Bokeo,1995,SEAS
ADMIN_LAO_00005,Louang Namtha,1995,SEAS
ADMIN_LAO_00006,Xekong,1995,SEAS
ADMIN_LAO_00007,Saravan,1995,SEAS
ADMIN_LAO_00008,Vientiane,1995,SEAS
ADMIN_LAO_00009,Phongsali,1995,SEAS
ADMIN_LAO_00010,Borikhamxai,1995,SEAS
ADMIN_LAO_00011,Houaphan,1995,SEAS
ADMIN_LAO_00012,Attapeu,1995,SEAS
ADMIN_LAO_00013,Oudomxai,1995,SEAS
ADMIN_LAO_00014,Louangphrabang,1995,SEAS
ADMIN_LAO_00015,Savannakhet,1995,SEAS
ADMIN_LAO_00016,Champasak,1995,SEAS
ADMIN_MYS_00000,Selangor,1995,SEAS
ADMIN_MYS_00001,Perak,1995,SEAS
ADMIN_MYS_00002,Kuala Lumpur,1995,SEAS
ADMIN_MYS_00003,Johor,1995,SEAS
ADMIN_MYS_00004,Pahang,1995,SEAS
ADMIN_MYS_00005,Pulau Pinang,1995,SEAS
ADMIN_MYS_00006,Negeri Sembilan,1995,SEAS
ADMIN_MYS_00007,Sarawak,1995,SEAS
ADMIN_MYS_00008,Kedah,1995,SEAS
ADMIN_MYS_00009,Perlis,1995,SEAS
ADMIN_MYS_00010,Kelantan,1995,SEAS
ADMIN_MYS_00011,Melaka,1995,SEAS
ADMIN_MYS_00012,Terengganu,1995,SEAS
ADMIN_MYS_00013,Sabah,1995,SEAS
ADMIN_PHL_00000,Central Mindanao,1995,SEAS
ADMIN_PHL_00001,Eastern Visayas,1995,SEAS
ADMIN_PHL_00002,Cordillera Administr,1995,SEAS
ADMIN_PHL_00003,Western Visayas,1995,SEAS
ADMIN_PHL_00004,Southern Mindanao,1995,SEAS
ADMIN_PHL_00005,Central Visayas,1995,SEAS
ADMIN_PHL_00006,Southern Tagalog,1995,SEAS
ADMIN_PHL_00007,Western Mindanao,1995,SEAS
ADMIN_PHL_00008,Northern Mindanao,1995,SEAS
ADMIN_PHL_00009,Bicol,1995,SEAS
ADMIN_PHL_00010,Central Luzon,1995,SEAS
ADMIN_PHL_00011,Ilocos,1995,SEAS
ADMIN_PHL_00012,National Capital Reg,1995,SEAS
ADMIN_PHL_00013,Cagayan Valley,1995,SEAS
ADMIN_SGP_00000,Singapore,1995,SEAS
ADMIN_THA_00000,Nan,1995,SEAS
ADMIN_THA_00001,Udon Thani,1995,SEAS
ADMIN_THA_00002,Phra Nakhon Si Ayutt,1995,SEAS
ADMIN_THA_00003,Chaiyaphum,1995,SEAS
ADMIN_THA_00004,Phetchabun,1995,SEAS
ADMIN_THA_00005,Maha Sarakham,1995,SEAS
ADMIN_THA_00006,Yasothon,1995,SEAS
ADMIN_THA_00007,Nakhon Pathom,1995,SEAS
ADMIN_THA_00008,Kanchanaburi,1995,SEAS
ADMIN_THA_00009,Ubon Ratchathani,1995,SEAS
ADMIN_THA_00010,Trang,1995,SEAS
ADMIN_THA_00011,Surat Thani,1995,SEAS
ADMIN_THA_00012,Pathum Thani,1995,SEAS
ADMIN_THA_00013,Sisaket,1995,SEAS
ADMIN_THA_00014,Kamphaeng Phet,1995,SEAS
ADMIN_THA_00015,Suphan Buri,1995,SEAS
ADMIN_THA_00016,Phayao,1995,SEAS
ADMIN_THA_00017,Songkhla,1995,SEAS
ADMIN_THA_00018,Mae Hong Son,1995,SEAS
ADMIN_THA_00019,Lamphun,1995,SEAS
ADMIN_THA_00020,Pattani,1995,SEAS
ADMIN_THA_00021,Nakhon Nayok,1995,SEAS
ADMIN_THA_00022,Chumphon,1995,SEAS
ADMIN_THA_00023,Chachoengsao,1995,SEAS
ADMIN_THA_00024,Chiang Mai,1995,SEAS
ADMIN_THA_00025,Narathiwat,1995,SEAS
ADMIN_THA_00026,Nakhon Phanom,1995,SEAS
ADMIN_THA_00027,Nakhon Sawan,1995,SEAS
ADMIN_THA_00028,Chiang Rai,1995,SEAS
ADMIN_THA_00029,Ang Thong,1995,SEAS
ADMIN_THA_00030,Krung Thep,1995,SEAS
ADMIN_THA_00031,Chon Buri,1995,SEAS
ADMIN_THA_00032,Uttaradit,1995,SEAS
ADMIN_THA_00033,Sakon Nakhon,1995,SEAS
ADMIN_THA_00034,Roi Et,1995,SEAS
ADMIN_THA_00035,Lampang,1995,SEAS
ADMIN_THA_00036,Samut Songkhram,1995,SEAS
ADMIN_THA_00037,Kalasin,1995,SEAS
ADMIN_THA_00038,Nong Khai,1995,SEAS
ADMIN_THA_00039,Surin,1995,SEAS
ADMIN_THA_00040,Prachuap Khiri Khan,1995,SEAS
ADMIN_THA_00041,Sing Buri,1995,SEAS
ADMIN_THA_00042,Ranong,1995,SEAS
ADMIN_THA_00043,Samut Sakhon,1995,SEAS
ADMIN_THA_00044,Khon Kaen,1995,SEAS
ADMIN_THA_00045,Loei,1995,SEAS
ADMIN_THA_00046,Yala,1995,SEAS
ADMIN_THA_00047,Trat,1995,SEAS
ADMIN_THA_00048,Chanthaburi,1995,SEAS
ADMIN_THA_00049,Phitsanulok,1995,SEAS
ADMIN_THA_00050,Uthai Thani,1995,SEAS
ADMIN_THA_00051,Krabi,1995,SEAS
ADMIN_THA_00052,Chai Nat,1995,SEAS
ADMIN_THA_00053,Saraburi,1995,SEAS
ADMIN_THA_00054,Tak,1995,SEAS
ADMIN_THA_00055,Phetchaburi,1995,SEAS
ADMIN_THA_00056,Lop Buri,1995,SEAS
ADMIN_THA_00057,Nonthaburi,1995,SEAS
ADMIN_THA_00058,Buriram,1995,SEAS
ADMIN_THA_00059,Sukhothai,1995,SEAS
ADMIN_THA_00060,Nakhon Si Thammarat,1995,SEAS
ADMIN_THA_00061,Phichit,1995,SEAS
ADMIN_THA_00062,Phrae,1995,SEAS
ADMIN_THA_00063,Samut Prakan,1995,SEAS
ADMIN_THA_00064,Ouham-Pende,1995,SEAS
ADMIN_THA_00065,Rayong,1995,SEAS
ADMIN_THA_00066,Phangnga,1995,SEAS
ADMIN_THA_00067,Prachin Buri,1995,SEAS
ADMIN_THA_00068,Phuket,1995,SEAS
ADMIN_THA_00069,Satun,1995,SEAS
ADMIN_THA_00070,Phatthalung,1995,SEAS
ADMIN_THA_00071,Nakhon Ratchasima,1995,SEAS
ADMIN_TLS_00000,East Timor,1995,SEAS
ADMIN_VIR_00000,Virgin Is.,1995,CAR
ADMIN_VNM_00000,Thua Thien Hue,1995,SEAS
ADMIN_VNM_00001,Dong Thap,1995,SEAS
ADMIN_VNM_00002,Dac Lac,1995,SEAS
ADMIN_VNM_00003,Ninh Binh,1995,SEAS
ADMIN_VNM_00004,Quang Ninh,1995,SEAS
ADMIN_VNM_00005,Yen Bai,1995,SEAS
ADMIN_VNM_00006,Bac Thai,1995,SEAS
ADMIN_VNM_00007,Kon Tum,1995,SEAS
ADMIN_VNM_00008,Lam Dong,1995,SEAS
ADMIN_VNM_00009,Quang Nam-Da Nang,1995,SEAS
ADMIN_VNM_00010,Minh Hai,1995,SEAS
ADMIN_VNM_00011,Vinh Phu,1995,SEAS
ADMIN_VNM_00012,Ha Giang,1995,SEAS
ADMIN_VNM_00013,Lang Son,1995,SEAS
ADMIN_VNM_00014,Soc Trang,1995,SEAS
ADMIN_VNM_00015,Long An,1995,SEAS
ADMIN_VNM_00016,Nghe An,1995,SEAS
ADMIN_VNM_00017,Son La,1995,SEAS
ADMIN_VNM_00018,Vinh Long,1995,SEAS
ADMIN_VNM_00019,Nam Ha,1995,SEAS
ADMIN_VNM_00020,Ha Tinh,1995,SEAS
ADMIN_VNM_00021,Quang Ngai,1995,SEAS
ADMIN_VNM_00022,Tuyen Quang,1995,SEAS
ADMIN_VNM_00023,Tay Ninh,1995,SEAS
ADMIN_VNM_00024,Ha Tay,1995,SEAS
ADMIN_VNM_00025,Dong Nai,1995,SEAS
ADMIN_VNM_00026,Can Tho,1995,SEAS
ADMIN_VNM_00027,Tien Giang,1995,SEAS
ADMIN_VNM_00028,Ha Bac,1995,SEAS
ADMIN_VNM_00029,Hoa Binh,1995,SEAS
ADMIN_VNM_00030,Binh Dinh,1995,SEAS
ADMIN_VNM_00031,Ho Chi Minh,1995,SEAS
ADMIN_VNM_00032,Kien Giang,1995,SEAS
ADMIN_VNM_00033,Song Be,1995,SEAS
ADMIN_VNM_00034,Cao Bang,1995,SEAS
ADMIN_VNM_00035,Lai Chau,1995,SEAS
ADMIN_VNM_00036,Spratly Is.,1995,SEAS
ADMIN_VNM_00037,Thai Binh,1995,SEAS
ADMIN_VNM_00038,Ben Tre,1995,SEAS
ADMIN_VNM_00039,Tra Vinh,1995,SEAS
ADMIN_VNM_00040,Hai Phong,1995,SEAS
ADMIN_VNM_00041,Ba Ria-Vung Tau,1995,SEAS
ADMIN_VNM_00042,Phu Yen,1995,SEAS
ADMIN_VNM_00043,Binh Thuan,1995,SEAS
ADMIN_VNM_00044,An Giang,1995,SEAS
ADMIN_VNM_00045,Quang Tri,1995,SEAS
ADMIN_VNM_00046,Khanh Hoa,1995,SEAS
ADMIN_VNM_00047,Thanh Hoa,1995,SEAS
ADMIN_VNM_00048,Gia Lai,1995,SEAS
ADMIN_VNM_00049,Ha Noi,1995,SEAS
ADMIN_VNM_00050,Lao Cai,1995,SEAS
ADMIN_VNM_00051,Quang Binh,1995,SEAS
ADMIN_VNM_00052,Hai Hung,1995,SEAS
ADMIN_VNM_00053,Ninh Thuan,1995,SEAS
ADMIN_CHL_00000,Atacama,1995,SAMP
ADMIN_CHL_00001,Magallanes y de la A,1995,SAMP
ADMIN_CHL_00002,Los Lagos,1995,SAMP
ADMIN_CHL_00003,Valparaiso,1995,SAMP
ADMIN_CHL_00004,Libertador General B,1995,SAMP
ADMIN_CHL_00005,Ocean Islands,1995,SAMP
ADMIN_CHL_00006,Araucania,1995,SAMP
ADMIN_CHL_00007,Antofagasta,1995,SAMP
ADMIN_CHL_00008,Tarapaca,1995,SAMP
ADMIN_CHL_00009,Aisen del General Ca,1995,SAMP
ADMIN_CHL_00010,Bio-Bio,1995,SAMP
ADMIN_CHL_00011,Region Metropolitana,1995,SAMP
ADMIN_CHL_00012,Maule,1995,SAMP
ADMIN_CHL_00013,Coquimbo,1995,SAMP
ADMIN_ECU_00000,Chimborazo,1995,SAMP
ADMIN_ECU_00001,Azuay,1995,SAMP
ADMIN_ECU_00002,Esmeraldas,1995,SAMP
ADMIN_ECU_00003,Sucumbios,1995,SAMP
ADMIN_ECU_00004,Manabi,1995,SAMP
ADMIN_ECU_00005,Imbabura,1995,SAMP
ADMIN_ECU_00006,Carchi,1995,SAMP
ADMIN_ECU_00007,Los Rios,1995,SAMP
ADMIN_ECU_00008,Morona-Santiago,1995,SAMP
ADMIN_ECU_00009,Cotopaxi,1995,SAMP
ADMIN_ECU_00010,Pichincha,1995,SAMP
ADMIN_ECU_00011,Loja,1995,SAMP
ADMIN_ECU_00012,Bolivar,1995,SAMP
ADMIN_ECU_00013,El Oro,1995,SAMP
ADMIN_ECU_00014,Pastaza,1995,SAMP
ADMIN_ECU_00015,Tungurahua,1995,SAMP
ADMIN_ECU_00016,Zamora-Chinchipe,1995,SAMP
ADMIN_ECU_00017,Napo,1995,SAMP
ADMIN_ECU_00018,Canar,1995,SAMP
ADMIN_ECU_00019,Guayas,1995,SAMP
ADMIN_ECU_00020,Galapagos,1995,SAMP
ADMIN_PER_00000,Tacna,1995,SAMP
ADMIN_PER_00001,Arequipa,1995,SAMP
ADMIN_PER_00002,Huancavelica,1995,SAMP
ADMIN_PER_00003,Lima,1995,SAMP
ADMIN_PER_00004,Huanuco,1995,SAMP
ADMIN_PER_00005,Piura,1995,SAMP
ADMIN_PER_00006,Puno,1995,SAMP
ADMIN_PER_00007,Lambayeque,1995,SAMP
ADMIN_PER_00008,Madre de Dios,1995,SAMP
ADMIN_PER_00009,Apurimac,1995,SAMP
ADMIN_PER_00010,Amazonas,1995,SAMP
ADMIN_PER_00011,Ica,1995,SAMP
ADMIN_PER_00012,Ancash,1995,SAMP
ADMIN_PER_00013,La Libertad,1995,SAMP
ADMIN_PER_00014,Moquegua,1995,SAMP
ADMIN_PER_00015,Callao,1995,SAMP
ADMIN_PER_00016,Junin,1995,SAMP
ADMIN_PER_00017,Tumbes,1995,SAMP
ADMIN_PER_00018,Cusco,1995,SAMP
ADMIN_PER_00019,San Martin,1995,SAMP
ADMIN_PER_00020,Pasco,1995,SAMP
ADMIN_PER_00021,Loreto,1995,SAMP
ADMIN_PER_00022,Ucayali,1995,SAMP
ADMIN_PER_00023,Ayacucho,1995,SAMP
ADMIN_PER_00024,Cajamarca,1995,SAMP
ADMIN_ARG_00000,Chubut,1995,SAMA
ADMIN_ARG_00001,Santa Cruz,1995,SAMA
ADMIN_ARG_00002,Buenos Aires,1995,SAMA
ADMIN_ARG_00003,Misiones,1995,SAMA
ADMIN_ARG_00004,Neuquen,1995,SAMA
ADMIN_ARG_00005,Rio Negro,1995,SAMA
ADMIN_ARG_00006,Santiago del Estero,1995,SAMA
ADMIN_ARG_00007,Entre Rios,1995,SAMA
ADMIN_ARG_00008,San Luis,1995,SAMA
ADMIN_ARG_00009,San Juan,1995,SAMA
ADMIN_ARG_00010,Catamarca,1995,SAMA
ADMIN_ARG_00011,La Pampa,1995,SAMA
ADMIN_ARG_00012,Cordoba,1995,SAMA
ADMIN_ARG_00013,Chaco,1995,SAMA
ADMIN_ARG_00014,Distrito Federal,1995,SAMA
ADMIN_ARG_00015,Santa Fe,1995,SAMA
ADMIN_ARG_00016,Tucuman,1995,SAMA
ADMIN_ARG_00017,La Rioja,1995,SAMA
ADMIN_ARG_00018,Salta,1995,SAMA
ADMIN_ARG_00019,Jujuy,1995,SAMA
ADMIN_ARG_00020,Formosa,1995,SAMA
ADMIN_ARG_00021,Tierra del Fuego,1995,SAMA
ADMIN_ARG_00022,Corrientes,1995,SAMA
ADMIN_ARG_00023,Mendoza,1995,SAMA
ADMIN_BRA_00000,Parana,1995,SAMA
ADMIN_BRA_00001,Piaui,1995,SAMA
ADMIN_BRA_00002,Amapa,1995,SAMA
ADMIN_BRA_00003,Roraima,1995,SAMA
ADMIN_BRA_00004,Distrito Federal,1995,SAMA
ADMIN_BRA_00005,Sao Paulo,1995,SAMA
ADMIN_BRA_00006,Ceara,1995,SAMA
ADMIN_BRA_00007,Rio Grande do Norte,1995,SAMA
ADMIN_BRA_00008,Alagoas,1995,SAMA
ADMIN_BRA_00009,Litigated Zone,1995,SAMA
ADMIN_BRA_00010,Rio Grande do Sul,1995,SAMA
ADMIN_BRA_00011,Goias,1995,SAMA
ADMIN_BRA_00012,Sergipe,1995,SAMA
ADMIN_BRA_00013,Mato Grosso,1995,SAMA
ADMIN_BRA_00014,Rio de Janeiro,1995,SAMA
ADMIN_BRA_00015,Rondonia,1995,SAMA
ADMIN_BRA_00016,Litigated Zone,1995,SAMA
ADMIN_BRA_00017,Santa Catarina,1995,SAMA
ADMIN_BRA_00018,Acre,1995,SAMA
ADMIN_BRA_00019,Minas Gerais,1995,SAMA
ADMIN_BRA_00020,Pernambuco,1995,SAMA
ADMIN_BRA_00021,Litigated Zone,1995,SAMA
ADMIN_BRA_00022,Espirito Santo,1995,SAMA
ADMIN_BRA_00023,Maranhao,1995,SAMA
ADMIN_BRA_00024,Para,1995,SAMA
ADMIN_BRA_00025,Bahia,1995,SAMA
ADMIN_BRA_00026,Mato Grosso do Sul,1995,SAMA
ADMIN_BRA_00027,Tocantins,1995,SAMA
ADMIN_BRA_00028,Paraiba,1995,SAMA
ADMIN_BRA_00029,Litigated Zone,1995,SAMA
ADMIN_BRA_00030,Amazonas,1995,SAMA
ADMIN_COL_00000,Cordoba,1995,SAMA
ADMIN_COL_00001,Bolivar,1995,SAMA
ADMIN_COL_00002,Santander,1995,SAMA
ADMIN_COL_00003,Caldas,1995,SAMA
ADMIN_COL_00004,Quindio,1995,SAMA
ADMIN_COL_00005,Cundinamarca,1995,SAMA
ADMIN_COL_00006,Putumayo,1995,SAMA
ADMIN_COL_00007,Valle del Cauca,1995,SAMA
ADMIN_COL_00008,San Andres y Provide,1995,SAMA
ADMIN_COL_00009,Choco,1995,SAMA
ADMIN_COL_00010,Boyaca,1995,SAMA
ADMIN_COL_00011,Tolima,1995,SAMA
ADMIN_COL_00012,Cauca,1995,SAMA
ADMIN_COL_00013,Magdalena,1995,SAMA
ADMIN_COL_00014,Amazonas,1995,SAMA
ADMIN_COL_00015,Cesar,1995,SAMA
ADMIN_COL_00016,Antioquia,1995,SAMA
ADMIN_COL_00017,La Guajira,1995,SAMA
ADMIN_COL_00018,Guaviare,1995,SAMA
ADMIN_COL_00019,Arauca,1995,SAMA
ADMIN_COL_00020,Guainia,1995,SAMA
ADMIN_COL_00021,Huila,1995,SAMA
ADMIN_COL_00022,Sucre,1995,SAMA
ADMIN_COL_00023,Casanare,1995,SAMA
ADMIN_COL_00024,Distrito Especial,1995,SAMA
ADMIN_COL_00025,Vaupes,1995,SAMA
ADMIN_COL_00026,Narino,1995,SAMA
ADMIN_COL_00027,Caqueta,1995,SAMA
ADMIN_COL_00028,Vichada,1995,SAMA
ADMIN_COL_00029,Meta,1995,SAMA
ADMIN_COL_00030,Norde de Santander,1995,SAMA
ADMIN_COL_00031,Risaralda,1995,SAMA
ADMIN_COL_00032,Atlantico,1995,SAMA
ADMIN_GUF_00000,Cayenne,1995,SAMA
ADMIN_GUF_00001,Saint-Laurent-du-Mar,1995,SAMA
ADMIN_GUY_00000,Upper Demerara-Berbi,1995,SAMA
ADMIN_GUY_00001,Mahaica-Berbice,1995,SAMA
ADMIN_GUY_00002,Barima-Waini,1995,SAMA
ADMIN_GUY_00003,Upper Takutu-Upper E,1995,SAMA
ADMIN_GUY_00004,Potaro-Siparuni,1995,SAMA
ADMIN_GUY_00005,Pomeroon-Supenaam,1995,SAMA
ADMIN_GUY_00006,Demerara-Mahaica,1995,SAMA
ADMIN_GUY_00007,Cuyuni-Mazaruni,1995,SAMA
ADMIN_GUY_00008,East Berbice-Corenty,1995,SAMA
ADMIN_GUY_00009,Essequibo Islands-We,1995,SAMA
ADMIN_SUR_00000,Commewijne,1995,SAMA
ADMIN_SUR_00001,Sipaliwini,1995,SAMA
ADMIN_SUR_00002,Marowijne,1995,SAMA
ADMIN_SUR_00003,Saramacca,1995,SAMA
ADMIN_SUR_00004,Wanica,1995,SAMA
ADMIN_SUR_00005,Brokopondo,1995,SAMA
ADMIN_SUR_00006,Para,1995,SAMA
ADMIN_SUR_00007,Paramaribo,1995,SAMA
ADMIN_SUR_00008,Nickerie,1995,SAMA
ADMIN_SUR_00009,Coronie,1995,SAMA
ADMIN_URY_00000,San Jose,1995,SAMA
ADMIN_URY_00001,Colonia,1995,SAMA
ADMIN_URY_00002,Cerro Largo,1995,SAMA
ADMIN_URY_00003,Artigas,1995,SAMA
ADMIN_URY_00004,Rocha,1995,SAMA
ADMIN_URY_00005,Lavalleja,1995,SAMA
ADMIN_URY_00006,Canelones,1995,SAMA
ADMIN_URY_00007,Salto,1995,SAMA
ADMIN_URY_00008,Tacuarembo,1995,SAMA
ADMIN_URY_00009,Montevideo,1995,SAMA
ADMIN_URY_00010,Florida,1995,SAMA
ADMIN_URY_00011,Paysandu,1995,SAMA
ADMIN_URY_00012,Flores,1995,SAMA
ADMIN_URY_00013,Rio Negro,1995,SAMA
ADMIN_URY_00014,Maldonado,1995,SAMA
ADMIN_URY_00015,Soriano,1995,SAMA
ADMIN_URY_00016,Treinta y Tres,1995,SAMA
ADMIN_URY_00017,Durazno,1995,SAMA
ADMIN_URY_00018,Rivera,1995,SAMA
ADMIN_VEN_00000,Carabobo,1995,SAMA
ADMIN_VEN_00001,Portuguesa,1995,SAMA
ADMIN_VEN_00002,Zulia,1995,SAMA
ADMIN_VEN_00003,Delta Amacuro,1995,SAMA
ADMIN_VEN_00004,Aragua,1995,SAMA
ADMIN_VEN_00005,Distrito Federal,1995,SAMA
ADMIN_VEN_00006,Sucre,1995,SAMA
ADMIN_VEN_00007,Lara,1995,SAMA
ADMIN_VEN_00008,Dependencias Federal,1995,SAMA
ADMIN_VEN_00009,Merida,1995,SAMA
ADMIN_VEN_00010,Barinas,1995,SAMA
ADMIN_VEN_00011,Cojedes,1995,SAMA
ADMIN_VEN_00012,Monagas,1995,SAMA
ADMIN_VEN_00013,Apure,1995,SAMA
ADMIN_VEN_00014,Anzoategui,1995,SAMA
ADMIN_VEN_00015,Falcon,1995,SAMA
ADMIN_VEN_00016,Neuva Esparta,1995,SAMA
ADMIN_VEN_00017,Tachira,1995,SAMA
ADMIN_VEN_00018,Trujillo,1995,SAMA
ADMIN_VEN_00019,Yaracuy,1995,SAMA
ADMIN_VEN_00020,Bolivar,1995,SAMA
ADMIN_VEN_00021,Amazonas,1995,SAMA
ADMIN_VEN_00022,Guarico,1995,SAMA
ADMIN_VEN_00023,Miranda,1995,SAMA
ADMIN_ASM_00000,American Samoa,1995,PACS
ADMIN_COK_00000,Cook Is.,1995,PACS
ADMIN_FJI_00000,Fiji,1995,PACS
ADMIN_FSM_00000,Micronesia,1995,PACS
ADMIN_GUM_00000,Guam,1995,PACS
ADMIN_KIR_00000,Kiribati,1995,PACS
ADMIN_MHL_00000,Marshall Is.,1995,PACS
ADMIN_MNP_00000,Northern Mariana Is.,1995,PACS
ADMIN_NCL_00000,New Caledonia,1995,PACS
ADMIN_NFK_00000,Norfolk I.,1995,PACS
ADMIN_NIU_00000,Niue,1995,PACS
ADMIN_NRU_00000,Nauru,1995,PACS
ADMIN_PCN_00000,Pitcairn Is.,1995,PACS
ADMIN_PLW_00000,Palau,1995,PACS
ADMIN_PYF_00000,French Polynesia,1995,PACS
ADMIN_SLB_00000,Solomon Is.,1995,PACS
ADMIN_TKL_00000,Tokelau,1995,PACS
ADMIN_TON_00000,Tonga,1995,PACS
ADMIN_TUV_00000,Tuvalu,1995,PACS
ADMIN_UMI_00000,Howland I.,1995,PACS
ADMIN_UMI_00001,Midway Is.,1995,PACS
ADMIN_UMI_00002,Wake I.,1995,PACS
ADMIN_UMI_00003,Johnston Atoll,1995,PACS
ADMIN_UMI_00004,Baker I.,1995,PACS
ADMIN_UMI_00005,Jarvis I.,1995,PACS
ADMIN_USA_00045,Hawaii,1995,PACS
ADMIN_VUT_00000,Vanuatu,1995,PACS
ADMIN_WLF_00000,Wallis & Futuna,1995,PACS
ADMIN_WSM_00000,Samoa,1995,PACS
ADMIN_AUS_00000,Tasmania,1995,PACB
ADMIN_AUS_00001,Northern Territory,1995,PACB
ADMIN_AUS_00002,Queensland,1995,PACB
ADMIN_AUS_00003,South Australia,1995,PACB
ADMIN_AUS_00004,Victoria,1995,PACB
ADMIN_AUS_00005,Australian Capital T,1995,PACB
ADMIN_AUS_00006,Western Australia,1995,PACB
ADMIN_AUS_00007,New South Wales,1995,PACB
ADMIN_NZL_00000,Canterbury,1995,PACB
ADMIN_NZL_00001,Auckland,1995,PACB
ADMIN_NZL_00002,East Cape,1995,PACB
ADMIN_NZL_00003,Taranaki,1995,PACB
ADMIN_NZL_00004,Northland,1995,PACB
ADMIN_NZL_00005,Nelson-Marlborough,1995,PACB
ADMIN_NZL_00006,Bay of Plenty,1995,PACB
ADMIN_NZL_00007,Westland,1995,PACB
ADMIN_NZL_00008,Wanganui-Manawatu,1995,PACB
ADMIN_NZL_00009,Southland,1995,PACB
ADMIN_NZL_00010,Waikato,1995,PACB
ADMIN_NZL_00011,Hawke's Bay,1995,PACB
ADMIN_NZL_00012,Otago,1995,PACB
ADMIN_NZL_00013,Wellington,1995,PACB
ADMIN_PNG_00000,Enga,1995,PACB
ADMIN_PNG_00001,West Sepik,1995,PACB
ADMIN_PNG_00002,Southern Highlands,1995,PACB
ADMIN_PNG_00003,Northern,1995,PACB
ADMIN_PNG_00004,Western,1995,PACB
ADMIN_PNG_00005,Gulf,1995,PACB
ADMIN_PNG_00006,Morobe,1995,PACB
ADMIN_PNG_00007,Central,1995,PACB
ADMIN_PNG_00008,East New Britain,1995,PACB
ADMIN_PNG_00009,Milne Bay,1995,PACB
ADMIN_PNG_00010,Northern Solomons,1995,PACB
ADMIN_PNG_00011,New Ireland,1995,PACB
ADMIN_PNG_00012,East Sepik,1995,PACB
ADMIN_PNG_00013,Madang,1995,PACB
ADMIN_PNG_00014,Western Highlands,1995,PACB
ADMIN_PNG_00015,Manus,1995,PACB
ADMIN_PNG_00016,Chimbu,1995,PACB
ADMIN_PNG_00017,West New Britain,1995,PACB
ADMIN_PNG_00018,Eastern Highlands,1995,PACB
ADMIN_PNG_00019,National Capital,1995,PACB
ADMIN_BEL_00000,Liege,1995,NWE
ADMIN_BEL_00001,Limburg,1995,NWE
ADMIN_BEL_00002,Brabant,1995,NWE
ADMIN_BEL_00003,Hainaut,1995,NWE
ADMIN_BEL_00004,Luxembourg,1995,NWE
ADMIN_BEL_00005,Bruxelles-Brussel,1995,NWE
ADMIN_BEL_00006,Oost-Vlaanderen,1995,NWE
ADMIN_BEL_00007,Antwerpen,1995,NWE
ADMIN_BEL_00008,West-Vlaanderen,1995,NWE
ADMIN_BEL_00009,Namur,1995,NWE
ADMIN_BEL_00010,Nivelles,1995,NWE
ADMIN_DEU_00000,Niedersachsen,1995,NWE
ADMIN_DEU_00002,Bayern,1995,NWE
ADMIN_DEU_00003,Rheinland-Pfalz,1995,NWE
ADMIN_DEU_00004,Baden-Wurttemberg,1995,NWE
ADMIN_DEU_00006,Bremen,1995,NWE
ADMIN_DEU_00008,Hessen,1995,NWE
ADMIN_DEU_00011,Nordrhein-Westfalen,1995,NWE
ADMIN_DEU_00012,Hamburg,1995,NWE
ADMIN_DEU_00013,Schleswig-Holstein,1995,NWE
ADMIN_DEU_00014,Saarland,1995,NWE
ADMIN_DNK_00005,Sonderjylland,1995,NWE
ADMIN_DNK_00006,Nordjylland,1995,NWE
ADMIN_DNK_00009,Vejle,1995,NWE
ADMIN_DNK_00010,Ribe,1995,NWE
ADMIN_DNK_00012,Ringkobing,1995,NWE
ADMIN_DNK_00013,Viborg,1995,NWE
ADMIN_DNK_00014,Arhus,1995,NWE
ADMIN_ESP_00000,Extremadura,1995,NWE
ADMIN_ESP_00003,La Rioja,1995,NWE
ADMIN_ESP_00005,Asturias,1995,NWE
ADMIN_ESP_00006,Melilla,1995,NWE
ADMIN_ESP_00008,Galicia,1995,NWE
ADMIN_ESP_00010,Navarra,1995,NWE
ADMIN_ESP_00011,Canarias,1995,NWE
ADMIN_ESP_00016,Cantabria,1995,NWE
ADMIN_ESP_00017,Pais Vasco,1995,NWE
ADMIN_FRA_00002,Poitou-Charentes,1995,NWE
ADMIN_FRA_00004,Basse-Normandie,1995,NWE
ADMIN_FRA_00005,Franche-Comte,1995,NWE
ADMIN_FRA_00006,Alsace,1995,NWE
ADMIN_FRA_00007,Picardie,1995,NWE
ADMIN_FRA_00008,Bourgogne,1995,NWE
ADMIN_FRA_00009,Limousin,1995,NWE
ADMIN_FRA_00010,Aquitaine,1995,NWE
ADMIN_FRA_00011,Centre,1995,NWE
ADMIN_FRA_00013,Ile-del-France,1995,NWE
ADMIN_FRA_00014,Bretagne,1995,NWE
ADMIN_FRA_00015,Midi-Pyrenees,1995,NWE
ADMIN_FRA_00016,Nord-Pas-de-Calais,1995,NWE
ADMIN_FRA_00018,Champagne-Ardenne,1995,NWE
ADMIN_FRA_00019,Pays de la Loire,1995,NWE
ADMIN_FRA_00020,Lorraine,1995,NWE
ADMIN_FRA_00021,Haute-Normandie,1995,NWE
ADMIN_FRO_00000,Faeroe Islands,1995,NWE
ADMIN_GBR_00000,Scotland,1995,NWE
ADMIN_GBR_00001,England,1995,NWE
ADMIN_GBR_00002,Wales,1995,NWE
ADMIN_GBR_00003,Northern Ireland,1995,NWE
ADMIN_GGY_00000,Guernsey,1995,NWE
ADMIN_GRL_00000,Nordgronland,1995,NWE
ADMIN_GRL_00001,Ostgronland,1995,NWE
ADMIN_GRL_00002,Vestgronland,1995,NWE
ADMIN_IMN_00000,Isle of Man,1995,NWE
ADMIN_IRL_00000,Connacht,1995,NWE
ADMIN_IRL_00001,Munster,1995,NWE
ADMIN_IRL_00002,Ulster,1995,NWE
ADMIN_IRL_00003,Leinster,1995,NWE
ADMIN_ISL_00000,Vesturland,1995,NWE
ADMIN_ISL_00001,Sudhurland,1995,NWE
ADMIN_ISL_00002,Nordhurland Vestra,1995,NWE
ADMIN_ISL_00003,Vestfirdhir,1995,NWE
ADMIN_ISL_00004,Nordhurland Eystra,1995,NWE
ADMIN_ISL_00005,Reykjavik,1995,NWE
ADMIN_ISL_00006,Austurland,1995,NWE
ADMIN_JEY_00000,Jersey,1995,NWE
ADMIN_NLD_00000,Gelderland,1995,NWE
ADMIN_NLD_00001,Noord-Holland,1995,NWE
ADMIN_NLD_00002,Noord-Brabant,1995,NWE
ADMIN_NLD_00003,Utrecht,1995,NWE
ADMIN_NLD_00004,Zeeland,1995,NWE
ADMIN_NLD_00005,Friesland,1995,NWE
ADMIN_NLD_00006,Flevoland,1995,NWE
ADMIN_NLD_00007,Groningen,1995,NWE
ADMIN_NLD_00008,Drenthe,1995,NWE
ADMIN_NLD_00009,Overijssel,1995,NWE
ADMIN_NLD_00010,Limburg,1995,NWE
ADMIN_NLD_00011,Zuid-Holland,1995,NWE
ADMIN_NOR_00000,Vestfold,1995,NWE
ADMIN_NOR_00001,Aust-Agder,1995,NWE
ADMIN_NOR_00002,Finnmark,1995,NWE
ADMIN_NOR_00003,Troms,1995,NWE
ADMIN_NOR_00004,Hedmark,1995,NWE
ADMIN_NOR_00005,Sor-Trondelag,1995,NWE
ADMIN_NOR_00006,Nordland,1995,NWE
ADMIN_NOR_00007,Buskerud,1995,NWE
ADMIN_NOR_00008,Ostfold,1995,NWE
ADMIN_NOR_00009,Rogaland,1995,NWE
ADMIN_NOR_00010,Telemark,1995,NWE
ADMIN_NOR_00011,Akershus,1995,NWE
ADMIN_NOR_00012,Oppland,1995,NWE
ADMIN_NOR_00013,Hordaland,1995,NWE
ADMIN_NOR_00014,Oslo,1995,NWE
ADMIN_NOR_00015,Sogn Og Fjordane,1995,NWE
ADMIN_NOR_00016,Vest-Agder,1995,NWE
ADMIN_NOR_00017,Nord-Trondelag,1995,NWE
ADMIN_NOR_00018,More Og Romsdal,1995,NWE
ADMIN_PRT_00000,Evora,1995,NWE
ADMIN_PRT_00001,Castelo Branco,1995,NWE
ADMIN_PRT_00002,Portalegre,1995,NWE
ADMIN_PRT_00003,Porto,1995,NWE
ADMIN_PRT_00004,Viseu,1995,NWE
ADMIN_PRT_00005,Aveiro,1995,NWE
ADMIN_PRT_00006,Leiria,1995,NWE
ADMIN_PRT_00007,Madeira,1995,NWE
ADMIN_PRT_00008,Beja,1995,NWE
ADMIN_PRT_00009,Guarda,1995,NWE
ADMIN_PRT_00010,Setubal,1995,NWE
ADMIN_PRT_00011,Viana do Castelo,1995,NWE
ADMIN_PRT_00012,Faro,1995,NWE
ADMIN_PRT_00013,Santarem,1995,NWE
ADMIN_PRT_00014,Braga,1995,NWE
ADMIN_PRT_00015,Azores,1995,NWE
ADMIN_PRT_00016,Vila Real,1995,NWE
ADMIN_PRT_00017,Coimbra,1995,NWE
ADMIN_PRT_00018,Lisboa,1995,NWE
ADMIN_PRT_00019,Braganca,1995,NWE
ADMIN_SJM_00000,Svalbard and Jan May,1995,NWE
ADMIN_SJM_00001,Svalbard and Jan May,1995,NWE
ADMIN_AFG_00000,Vardak,1995,NO
ADMIN_AFG_00001,Quandahar,1995,NO
ADMIN_AFG_00002,Konduz,1995,NO
ADMIN_AFG_00003,Ghazni,1995,NO
ADMIN_AFG_00004,Balkh,1995,NO
ADMIN_AFG_00005,Jowzjan,1995,NO
ADMIN_AFG_00006,Ghowr,1995,NO
ADMIN_AFG_00007,Laghman,1995,NO
ADMIN_AFG_00008,Herat,1995,NO
ADMIN_AFG_00009,Bamian,1995,NO
ADMIN_AFG_00010,Takhar,1995,NO
ADMIN_AFG_00011,Nimruz,1995,NO
ADMIN_AFG_00012,Zabol,1995,NO
ADMIN_AFG_00013,Helmand,1995,NO
ADMIN_AFG_00014,Nangarhar,1995,NO
ADMIN_AFG_00015,Oruzgan,1995,NO
ADMIN_AFG_00016,Konarha,1995,NO
ADMIN_AFG_00017,Kabol,1995,NO
ADMIN_AFG_00018,Parvan,1995,NO
ADMIN_AFG_00019,Baghlan,1995,NO
ADMIN_AFG_00020,Paktika,1995,NO
ADMIN_AFG_00021,Faryab,1995,NO
ADMIN_AFG_00022,Badghis,1995,NO
ADMIN_AFG_00023,Badakhshan,1995,NO
ADMIN_AFG_00024,Kapisa,1995,NO
ADMIN_AFG_00025,Samangan,1995,NO
ADMIN_AFG_00026,Lowgar,1995,NO
ADMIN_AFG_00027,Paktia,1995,NO
ADMIN_AFG_00028,Farah,1995,NO
ADMIN_AND_00000,Andorra,1995,NO
ADMIN_ARM_00000,Armenia,1995,NO
ADMIN_AUT_00000,Niederosterreich,1995,NO
ADMIN_AUT_00001,Vorarlberg,1995,NO
ADMIN_AUT_00002,Steiermark,1995,NO
ADMIN_AUT_00003,Karnten,1995,NO
ADMIN_AUT_00004,Wien,1995,NO
ADMIN_AUT_00005,Tirol,1995,NO
ADMIN_AUT_00006,Salzburg,1995,NO
ADMIN_AUT_00007,Burgenland,1995,NO
ADMIN_AUT_00008,Oberosterreich,1995,NO
ADMIN_AZE_00000,Baku,1995,NO
ADMIN_AZE_00001,Nakhichevan,1995,NO
ADMIN_BDI_00000,Karuzi,1995,NO
ADMIN_BDI_00001,Cankuzo,1995,NO
ADMIN_BDI_00002,Cibitoke,1995,NO
ADMIN_BDI_00003,Kirundo,1995,NO
ADMIN_BDI_00004,Muyinga,1995,NO
ADMIN_BDI_00005,Makamba,1995,NO
ADMIN_BDI_00006,Bubanza,1995,NO
ADMIN_BDI_00007,Ruyigi,1995,NO
ADMIN_BDI_00008,Bujumbura,1995,NO
ADMIN_BDI_00009,Ngozi,1995,NO
ADMIN_BDI_00010,Rutana,1995,NO
ADMIN_BDI_00011,Kayanza,1995,NO
ADMIN_BDI_00012,Gitega,1995,NO
ADMIN_BDI_00013,Muramvya,1995,NO
ADMIN_BDI_00014,Bururi,1995,NO
ADMIN_BFA_00000,Kossi,1995,NO
ADMIN_BFA_00001,Mouhoun,1995,NO
ADMIN_BFA_00002,Zoundweogo,1995,NO
ADMIN_BFA_00003,Oudalan,1995,NO
ADMIN_BFA_00004,Ganzourgou,1995,NO
ADMIN_BFA_00005,Sanmatenga,1995,NO
ADMIN_BFA_00006,Gourma,1995,NO
ADMIN_BFA_00007,Boulkiemde,1995,NO
ADMIN_BFA_00008,Sanguie,1995,NO
ADMIN_BFA_00009,Yatenga,1995,NO
ADMIN_BFA_00010,Passore,1995,NO
ADMIN_BFA_00011,Kadiogo,1995,NO
ADMIN_BFA_00012,Sissili,1995,NO
ADMIN_BFA_00013,Gnagna,1995,NO
ADMIN_BFA_00014,Soum,1995,NO
ADMIN_BFA_00015,Tapoa,1995,NO
ADMIN_BFA_00016,Namentenga,1995,NO
ADMIN_BFA_00017,Kenedougou,1995,NO
ADMIN_BFA_00018,Seno,1995,NO
ADMIN_BFA_00019,Kouritenga,1995,NO
ADMIN_BFA_00020,Sourou,1995,NO
ADMIN_BFA_00021,Bazega,1995,NO
ADMIN_BFA_00022,Comoe,1995,NO
ADMIN_BFA_00023,Nahouri,1995,NO
ADMIN_BFA_00024,Bougouriba,1995,NO
ADMIN_BFA_00025,Oubritenga,1995,NO
ADMIN_BFA_00026,Poni,1995,NO
ADMIN_BFA_00027,Houet,1995,NO
ADMIN_BFA_00028,Bam,1995,NO
ADMIN_BLR_00000,Vitebsk,1995,NO
ADMIN_BLR_00001,Grodno,1995,NO
ADMIN_BLR_00002,Razgrad,1995,NO
ADMIN_BLR_00003,Mikhaylovgrad,1995,NO
ADMIN_BLR_00004,Mogilev,1995,NO
ADMIN_BLR_00005,Brest,1995,NO
ADMIN_BLR_00006,Minsk,1995,NO
ADMIN_BLR_00007,Gomel',1995,NO
ADMIN_BOL_00000,Pando,1995,NO
ADMIN_BOL_00001,El Beni,1995,NO
ADMIN_BOL_00002,Santa Cruz,1995,NO
ADMIN_BOL_00003,Potosi,1995,NO
ADMIN_BOL_00004,Oruro,1995,NO
ADMIN_BOL_00005,Tarija,1995,NO
ADMIN_BOL_00006,La Paz,1995,NO
ADMIN_BOL_00007,Chuquisaca,1995,NO
ADMIN_BOL_00008,Cochabamba,1995,NO
ADMIN_BTN_00000,Samchi,1995,NO
ADMIN_BTN_00001,Thimphu,1995,NO
ADMIN_BTN_00002,Daga,1995,NO
ADMIN_BTN_00003,Geylegphug,1995,NO
ADMIN_BTN_00004,Pemagatsel,1995,NO
ADMIN_BTN_00005,Tashigang,1995,NO
ADMIN_BTN_00006,Tongsa,1995,NO
ADMIN_BTN_00007,Chhukha,1995,NO
ADMIN_BTN_00008,Paro,1995,NO
ADMIN_BTN_00009,Mongar,1995,NO
ADMIN_BTN_00010,Ha,1995,NO
ADMIN_BTN_00011,Samdrup Jongkhar,1995,NO
ADMIN_BTN_00012,Wangdi Phodrang,1995,NO
ADMIN_BTN_00013,Bumthang,1995,NO
ADMIN_BTN_00014,Lhuntshi,1995,NO
ADMIN_BTN_00015,Punakha,1995,NO
ADMIN_BTN_00016,Chirang,1995,NO
ADMIN_BTN_00017,Shemgang,1995,NO
ADMIN_BWA_00000,North-East,1995,NO
ADMIN_BWA_00001,Kweneng,1995,NO
ADMIN_BWA_00002,Ghanzi,1995,NO
ADMIN_BWA_00003,Kgatleng,1995,NO
ADMIN_BWA_00004,Ngamiland,1995,NO
ADMIN_BWA_00005,Southern,1995,NO
ADMIN_BWA_00006,Central,1995,NO
ADMIN_BWA_00007,Kgalagadi,1995,NO
ADMIN_BWA_00008,South-East,1995,NO
ADMIN_BWA_00009,Chobe,1995,NO
ADMIN_CAF_00000,Nana-Mambere,1995,NO
ADMIN_CAF_00001,Vakaga,1995,NO
ADMIN_CAF_00002,Mbomou,1995,NO
ADMIN_CAF_00003,Gribingui,1995,NO
ADMIN_CAF_00004,Ouaka,1995,NO
ADMIN_CAF_00005,Ouham,1995,NO
ADMIN_CAF_00006,Haute-Kotto,1995,NO
ADMIN_CAF_00007,Basse-Kotto,1995,NO
ADMIN_CAF_00008,Bamingui-Bangoran,1995,NO
ADMIN_CAF_00009,Sangha,1995,NO
ADMIN_CAF_00010,Haute-Sangha,1995,NO
ADMIN_CAF_00011,Haut-Mbomou,1995,NO
ADMIN_CAF_00012,Kemo-Gribingui,1995,NO
ADMIN_CAF_00013,Ombella-Mpoko,1995,NO
ADMIN_CAF_00014,Lobaye,1995,NO
ADMIN_CHE_00000,Luzern,1995,NO
ADMIN_CHE_00001,Obwalden,1995,NO
ADMIN_CHE_00002,Basel-Landschaft,1995,NO
ADMIN_CHE_00003,Nidwalden,1995,NO
ADMIN_CHE_00004,Zurich,1995,NO
ADMIN_CHE_00005,Glarus,1995,NO
ADMIN_CHE_00006,Jura,1995,NO
ADMIN_CHE_00007,Appenzell Inner-Rhod,1995,NO
ADMIN_CHE_00008,Schaffhausen,1995,NO
ADMIN_CHE_00009,Graubunden,1995,NO
ADMIN_CHE_00010,Fribourg,1995,NO
ADMIN_CHE_00011,Solothurn,1995,NO
ADMIN_CHE_00012,Ticino,1995,NO
ADMIN_CHE_00013,Appenzell Ausser-Rho,1995,NO
ADMIN_CHE_00014,Thurgau,1995,NO
ADMIN_CHE_00015,Zug,1995,NO
ADMIN_CHE_00016,Aargau,1995,NO
ADMIN_CHE_00017,Schwyz,1995,NO
ADMIN_CHE_00018,Uri,1995,NO
ADMIN_CHE_00019,Vaud,1995,NO
ADMIN_CHE_00020,Geneve,1995,NO
ADMIN_CHE_00021,Sankt Gallen,1995,NO
ADMIN_CHE_00022,Basel-Stadt,1995,NO
ADMIN_CHE_00023,Neuchatel,1995,NO
ADMIN_CHE_00024,Bern,1995,NO
ADMIN_CHE_00025,Valais,1995,NO
ADMIN_CZE_00000,Severocesky,1995,NO
ADMIN_CZE_00001,Severomoravsky,1995,NO
ADMIN_CZE_00002,Zapadocesky,1995,NO
ADMIN_CZE_00003,Jihocesky,1995,NO
ADMIN_CZE_00004,Stredocesky,1995,NO
ADMIN_CZE_00005,Vychodocesky,1995,NO
ADMIN_CZE_00006,Jihomoravsky,1995,NO
ADMIN_ESP_00014,Madrid,1995,NO
ADMIN_ETH_00000,Arsi,1995,NO
ADMIN_ETH_00001,Sidamo,1995,NO
ADMIN_ETH_00002,Harerge,1995,NO
ADMIN_ETH_00003,Shewa,1995,NO
ADMIN_ETH_00004,Welo,1995,NO
ADMIN_ETH_00005,Gonder,1995,NO
ADMIN_ETH_00006,Kefa,1995,NO
ADMIN_ETH_00007,Tigray,1995,NO
ADMIN_ETH_00008,Gojam,1995,NO
ADMIN_ETH_00009,Welega,1995,NO
ADMIN_ETH_00010,Bale,1995,NO
ADMIN_ETH_00011,Ilubabor,1995,NO
ADMIN_ETH_00012,Gamo Gofa,1995,NO
ADMIN_HUN_00000,Vas,1995,NO
ADMIN_HUN_00001,Szabolcs-Szatmar-Ber,1995,NO
ADMIN_HUN_00002,Nograd,1995,NO
ADMIN_HUN_00003,Zala,1995,NO
ADMIN_HUN_00004,Bekes,1995,NO
ADMIN_HUN_00005,Pest,1995,NO
ADMIN_HUN_00006,Bacs-Kiskun,1995,NO
ADMIN_HUN_00007,Gyor-Moson-Sopron,1995,NO
ADMIN_HUN_00008,Hajdu-Bihar,1995,NO
ADMIN_HUN_00009,Baranya,1995,NO
ADMIN_HUN_00010,Tolna,1995,NO
ADMIN_HUN_00011,Borsod-Abauj-Zemplen,1995,NO
ADMIN_HUN_00012,Jasz-Nagykun-Szolnok,1995,NO
ADMIN_HUN_00013,Fejer,1995,NO
ADMIN_HUN_00014,Budapest,1995,NO
ADMIN_HUN_00015,Heves,1995,NO
ADMIN_HUN_00016,Csongrad,1995,NO
ADMIN_HUN_00017,Veszprem,1995,NO
ADMIN_HUN_00018,Komarom-Esztergom,1995,NO
ADMIN_HUN_00019,Somogy,1995,NO
ADMIN_KAZ_00000,Turgay,1995,NO
ADMIN_KAZ_00001,Kzyl-Orda,1995,NO
ADMIN_KAZ_00002,Alma-Ata,1995,NO
ADMIN_KAZ_00003,Gur'yev,1995,NO
ADMIN_KAZ_00004,Aktyubinsk,1995,NO
ADMIN_KAZ_00005,Ural'sk,1995,NO
ADMIN_KAZ_00006,Mangyshlak,1995,NO
ADMIN_KAZ_00007,Dzhezkazgan,1995,NO
ADMIN_KAZ_00008,Pavlodar,1995,NO
ADMIN_KAZ_00009,Tselinograd,1995,NO
ADMIN_KAZ_00010,Taldy Kurgan,1995,NO
ADMIN_KAZ_00011,Dzhambul,1995,NO
ADMIN_KAZ_00012,East Kazakhstan,1995,NO
ADMIN_KAZ_00013,Semipalatinsk,1995,NO
ADMIN_KAZ_00014,North Kazakhstan,1995,NO
ADMIN_KAZ_00015,Kustanay,1995,NO
ADMIN_KAZ_00016,Kokchetav,1995,NO
ADMIN_KAZ_00017,Chimkent,1995,NO
ADMIN_KAZ_00018,Karaganda,1995,NO
ADMIN_KGZ_00000,Naryn,1995,NO
ADMIN_KGZ_00001,Osh,1995,NO
ADMIN_KGZ_00002,Bishkek,1995,NO
ADMIN_KGZ_00003,Talas,1995,NO
ADMIN_KGZ_00004,Issyk-Kul',1995,NO
ADMIN_LIE_00000,Liechtenstein,1995,NO
ADMIN_LSO_00000,Butha-Buthe,1995,NO
ADMIN_LSO_00001,Mohale's Hoek,1995,NO
ADMIN_LSO_00002,Quthing,1995,NO
ADMIN_LSO_00003,Qacha's Nek,1995,NO
ADMIN_LSO_00004,Mokhotlong,1995,NO
ADMIN_LSO_00005,Mafeteng,1995,NO
ADMIN_LSO_00006,Maseru,1995,NO
ADMIN_LSO_00007,Leribe,1995,NO
ADMIN_LSO_00008,Thaba Tseka,1995,NO
ADMIN_LSO_00009,Berea,1995,NO
ADMIN_LUX_00000,Grevenmacher,1995,NO
ADMIN_LUX_00001,Diekirch,1995,NO
ADMIN_LUX_00002,Luxembourg,1995,NO
ADMIN_MKD_00000,Macedonia,1995,NO
ADMIN_MLI_00000,Mopti,1995,NO
ADMIN_MLI_00001,Gao,1995,NO
ADMIN_MLI_00002,Bamako,1995,NO
ADMIN_MLI_00003,Sikasso,1995,NO
ADMIN_MLI_00004,Segou,1995,NO
ADMIN_MLI_00005,Kayes,1995,NO
ADMIN_MNG_00000,Bulgan,1995,NO
ADMIN_MNG_00001,Uvs,1995,NO
ADMIN_MNG_00002,Ulaanbaatar,1995,NO
ADMIN_MNG_00003,Dornogovi,1995,NO
ADMIN_MNG_00004,Omnogovi,1995,NO
ADMIN_MNG_00005,Hentiy,1995,NO
ADMIN_MNG_00006,Arhangay,1995,NO
ADMIN_MNG_00007,Darhan,1995,NO
ADMIN_MNG_00008,Tov,1995,NO
ADMIN_MNG_00009,Dornod,1995,NO
ADMIN_MNG_00010,Bayan-Olgiy,1995,NO
ADMIN_MNG_00011,Dundgovi,1995,NO
ADMIN_MNG_00012,Bayanhongor,1995,NO
ADMIN_MNG_00013,Dzavhan,1995,NO
ADMIN_MNG_00014,Suhbaatar,1995,NO
ADMIN_MNG_00015,Hovsgol,1995,NO
ADMIN_MNG_00016,Selenge,1995,NO
ADMIN_MNG_00017,Hovd,1995,NO
ADMIN_MWI_00000,Northern,1995,NO
ADMIN_MWI_00001,Central,1995,NO
ADMIN_MWI_00002,Southern,1995,NO
ADMIN_NER_00000,Tahoua,1995,NO
ADMIN_NER_00001,Zinder,1995,NO
ADMIN_NER_00002,Diffa,1995,NO
ADMIN_NER_00003,Agadez,1995,NO
ADMIN_NER_00004,Dosso,1995,NO
ADMIN_NER_00005,Niamey,1995,NO
ADMIN_NER_00006,Maradi,1995,NO
ADMIN_NPL_00000,Janakpur,1995,NO
ADMIN_NPL_00001,Lumbini,1995,NO
ADMIN_NPL_00002,Rapti,1995,NO
ADMIN_NPL_00003,Bagmati,1995,NO
ADMIN_NPL_00004,Seti,1995,NO
ADMIN_NPL_00005,Gandaki,1995,NO
ADMIN_NPL_00006,Kosi,1995,NO
ADMIN_NPL_00007,Mahakali,1995,NO
ADMIN_NPL_00008,Bheri,1995,NO
ADMIN_NPL_00009,Mechi,1995,NO
ADMIN_NPL_00010,Sagarmatha,1995,NO
ADMIN_NPL_00011,Narayani,1995,NO
ADMIN_NPL_00012,Dhawalagiri,1995,NO
ADMIN_NPL_00013,Karnali,1995,NO
ADMIN_PRY_00000,Cordillera,1995,NO
ADMIN_PRY_00001,Concepcion,1995,NO
ADMIN_PRY_00002,Caazapa,1995,NO
ADMIN_PRY_00003,Alto Parana,1995,NO
ADMIN_PRY_00004,Central,1995,NO
ADMIN_PRY_00005,Guaira,1995,NO
ADMIN_PRY_00006,Canindeyu,1995,NO
ADMIN_PRY_00007,Boqueron,1995,NO
ADMIN_PRY_00008,Presidente Hayes,1995,NO
ADMIN_PRY_00009,Caaguazu,1995,NO
ADMIN_PRY_00010,Misiones,1995,NO
ADMIN_PRY_00011,Paraguari,1995,NO
ADMIN_PRY_00012,Alto Paraguay,1995,NO
ADMIN_PRY_00013,Neembucu,1995,NO
ADMIN_PRY_00014,Nueva Asuncion,1995,NO
ADMIN_PRY_00015,San Pedro,1995,NO
ADMIN_PRY_00016,Itapua,1995,NO
ADMIN_PRY_00017,Amambay,1995,NO
ADMIN_PRY_00018,Chaco,1995,NO
ADMIN_RWA_00000,Butare,1995,NO
ADMIN_RWA_00001,Byumba,1995,NO
ADMIN_RWA_00002,Ruhengeri,1995,NO
ADMIN_RWA_00003,Gitarama,1995,NO
ADMIN_RWA_00004,Kigali,1995,NO
ADMIN_RWA_00005,Gisenyi,1995,NO
ADMIN_RWA_00006,Kibuye,1995,NO
ADMIN_RWA_00007,Cyangugu,1995,NO
ADMIN_RWA_00008,Kibungo,1995,NO
ADMIN_RWA_00009,Gikongoro,1995,NO
ADMIN_SMR_00000,San Marino,1995,NO
ADMIN_SRB_00000,Serbia,1995,NO
ADMIN_SVK_00000,Stredoslovensky,1995,NO
ADMIN_SVK_00001,Vychodoslovensky,1995,NO
ADMIN_SVK_00002,Zakarpats'ka,1995,NO
ADMIN_SVK_00003,Bratislava,1995,NO
ADMIN_SWZ_00000,Hhohho,1995,NO
ADMIN_SWZ_00001,Manzini,1995,NO
ADMIN_SWZ_00002,Shiselweni,1995,NO
ADMIN_SWZ_00003,Lubombo,1995,NO
ADMIN_TCD_00000,Salamat,1995,NO
ADMIN_TCD_00001,Moyen-Chari,1995,NO
ADMIN_TCD_00002,Tandjile,1995,NO
ADMIN_TCD_00003,Borkou-Ennedi-Tibest,1995,NO
ADMIN_TCD_00004,Guera,1995,NO
ADMIN_TCD_00005,Lac,1995,NO
ADMIN_TCD_00006,Mayo Kebi,1995,NO
ADMIN_TCD_00007,Ouaddai,1995,NO
ADMIN_TCD_00008,Batha,1995,NO
ADMIN_TCD_00009,Logone Oriental,1995,NO
ADMIN_TCD_00010,Kanem,1995,NO
ADMIN_TCD_00011,Chari-Baguirmi,1995,NO
ADMIN_TCD_00012,Biltine,1995,NO
ADMIN_TCD_00013,Logone Occidental,1995,NO
ADMIN_TJK_00000,Kulyab,1995,NO
ADMIN_TJK_00001,Khudzhand,1995,NO
ADMIN_TJK_00002,Kurgan Tyube,1995,NO
ADMIN_TJK_00003,Dushanbe,1995,NO
ADMIN_TKM_00000,Mary,1995,NO
ADMIN_TKM_00001,Krasnovodsk,1995,NO
ADMIN_TKM_00002,Chardzhou,1995,NO
ADMIN_TKM_00003,Tashauz,1995,NO
ADMIN_TKM_00004,Ashkhabad,1995,NO
ADMIN_UGA_00000,Northern,1995,NO
ADMIN_UGA_00001,Central,1995,NO
ADMIN_UGA_00002,South Buganda,1995,NO
ADMIN_UGA_00003,Nile,1995,NO
ADMIN_UGA_00004,Busoga,1995,NO
ADMIN_UGA_00005,North Buganda,1995,NO
ADMIN_UGA_00006,Eastern,1995,NO
ADMIN_UGA_00007,Western,1995,NO
ADMIN_UGA_00008,Southern,1995,NO
ADMIN_UGA_00009,Karamoja,1995,NO
ADMIN_UZB_00000,Bukhara,1995,NO
ADMIN_UZB_00001,Samarkand,1995,NO
ADMIN_UZB_00002,Navoi,1995,NO
ADMIN_UZB_00003,Karakalpakstan,1995,NO
ADMIN_UZB_00004,Kashkadar'ya,1995,NO
ADMIN_UZB_00005,Tashkent,1995,NO
ADMIN_UZB_00006,Andizhan,1995,NO
ADMIN_UZB_00007,Fergana,1995,NO
ADMIN_UZB_00008,Dzhizak,1995,NO
ADMIN_UZB_00009,Syrdar'ya,1995,NO
ADMIN_UZB_00010,Surkhandar'ya,1995,NO
ADMIN_UZB_00011,Khorezm,1995,NO
ADMIN_UZB_00012,Namangan,1995,NO
ADMIN_VAT_00000,Vatican City,1995,NO
ADMIN_ZMB_00000,Copperbelt,1995,NO
ADMIN_ZMB_00001,Central,1995,NO
ADMIN_ZMB_00002,Southern,1995,NO
ADMIN_ZMB_00003,North-Western,1995,NO
ADMIN_ZMB_00004,Eastern,1995,NO
ADMIN_ZMB_00005,Luapula,1995,NO
ADMIN_ZMB_00006,Northern,1995,NO
ADMIN_ZMB_00007,Lusaka,1995,NO
ADMIN_ZMB_00008,Western,1995,NO
ADMIN_ZWE_00000,Matabeleland South,1995,NO
ADMIN_ZWE_00001,Mashonaland West,1995,NO
ADMIN_ZWE_00002,Manicaland,1995,NO
ADMIN_ZWE_00003,Masvingo,1995,NO
ADMIN_ZWE_00004,Mashonaland Central,1995,NO
ADMIN_ZWE_00005,Midlands,1995,NO
ADMIN_ZWE_00006,Matabeleland North,1995,NO
ADMIN_ZWE_00007,Mashonaland East,1995,NO
ADMIN_ALB_00000,Durres,1995,NMED
ADMIN_ALB_00001,Skrapar,1995,NMED
ADMIN_ALB_00002,Pogradec,1995,NMED
ADMIN_ALB_00003,Elbasan,1995,NMED
ADMIN_ALB_00004,Lezhe,1995,NMED
ADMIN_ALB_00005,Lushnje,1995,NMED
ADMIN_ALB_00006,Mirdite,1995,NMED
ADMIN_ALB_00007,Kruje,1995,NMED
ADMIN_ALB_00008,Dibre,1995,NMED
ADMIN_ALB_00009,Puke,1995,NMED
ADMIN_ALB_00010,Shkoder,1995,NMED
ADMIN_ALB_00011,Gjirokaster,1995,NMED
ADMIN_ALB_00012,Kolonje,1995,NMED
ADMIN_ALB_00013,Tepelene,1995,NMED
ADMIN_ALB_00014,Tirane,1995,NMED
ADMIN_ALB_00015,Vlore,1995,NMED
ADMIN_ALB_00016,Tropoje,1995,NMED
ADMIN_ALB_00017,Korce,1995,NMED
ADMIN_ALB_00018,Gramsh,1995,NMED
ADMIN_ALB_00019,Sarande,1995,NMED
ADMIN_ALB_00020,Fier,1995,NMED
ADMIN_ALB_00021,Librazhd,1995,NMED
ADMIN_ALB_00022,Mat,1995,NMED
ADMIN_ALB_00023,Kukes,1995,NMED
ADMIN_ALB_00024,Permet,1995,NMED
ADMIN_ALB_00025,Berat,1995,NMED
ADMIN_BGR_00000,Plovdiv,1995,NMED
ADMIN_BGR_00001,Burgas,1995,NMED
ADMIN_BGR_00002,Grad Sofiya,1995,NMED
ADMIN_BGR_00003,Sofiya,1995,NMED
ADMIN_BGR_00004,Khaskovo,1995,NMED
ADMIN_BGR_00005,Lovech,1995,NMED
ADMIN_BGR_00006,Varna,1995,NMED
ADMIN_BIH_00000,Bosnia & Herzegovina,1995,NMED
ADMIN_CYP_00000,Farmagusta,1995,NMED
ADMIN_CYP_00001,Kyrenia,1995,NMED
ADMIN_CYP_00002,Nicosia,1995,NMED
ADMIN_CYP_00003,Larnaca,1995,NMED
ADMIN_CYP_00004,Limassol,1995,NMED
ADMIN_CYP_00005,Paphos,1995,NMED
ADMIN_ESP_00001,Isles Baleares,1995,NMED
ADMIN_ESP_00002,Andalucia,1995,NMED
ADMIN_ESP_00004,Castilla-La Mancha,1995,NMED
ADMIN_ESP_00007,Ceuta,1995,NMED
ADMIN_ESP_00009,Cataluna,1995,NMED
ADMIN_ESP_00012,Murcia,1995,NMED
ADMIN_ESP_00013,Valenciana,1995,NMED
ADMIN_ESP_00015,Aragon,1995,NMED
ADMIN_FRA_00000,Corse,1995,NMED
ADMIN_FRA_00001,Rhone-Alpes,1995,NMED
ADMIN_FRA_00003,Languedoc-Roussillon,1995,NMED
ADMIN_FRA_00012,Auvergne,1995,NMED
ADMIN_FRA_00017,Provence-Alpes-Cote,1995,NMED
ADMIN_GEO_00000,T'bilisi,1995,NMED
ADMIN_GEO_00001,Abkhazia,1995,NMED
ADMIN_GEO_00002,Ajaria,1995,NMED
ADMIN_GIB_00000,Gibraltar,1995,NMED
ADMIN_GRC_00000,Peloponnisos,1995,NMED
ADMIN_GRC_00001,Macedonia,1995,NMED
ADMIN_GRC_00002,Ipiros,1995,NMED
ADMIN_GRC_00003,Thessalia,1995,NMED
ADMIN_GRC_00004,Central Greece and E,1995,NMED
ADMIN_GRC_00005,Crete,1995,NMED
ADMIN_GRC_00006,Thraki,1995,NMED
ADMIN_GRC_00007,Aegean Islands,1995,NMED
ADMIN_GRC_00008,Ionian Islands,1995,NMED
ADMIN_HRV_00000,Croatia,1995,NMED
ADMIN_ITA_00000,Piemonte,1995,NMED
ADMIN_ITA_00001,Marche,1995,NMED
ADMIN_ITA_00002,Puglia,1995,NMED
ADMIN_ITA_00003,Lazio,1995,NMED
ADMIN_ITA_00004,Liguria,1995,NMED
ADMIN_ITA_00005,Basilicata,1995,NMED
ADMIN_ITA_00006,Campania,1995,NMED
ADMIN_ITA_00007,Veneto,1995,NMED
ADMIN_ITA_00008,Abruzzi,1995,NMED
ADMIN_ITA_00009,Sicilia,1995,NMED
ADMIN_ITA_00010,Sardegna,1995,NMED
ADMIN_ITA_00011,Valle d'Aosta,1995,NMED
ADMIN_ITA_00012,Molise,1995,NMED
ADMIN_ITA_00013,Emilia-Romagna,1995,NMED
ADMIN_ITA_00014,Toscana,1995,NMED
ADMIN_ITA_00015,Calabria,1995,NMED
ADMIN_ITA_00016,Trentino-Alto Adige,1995,NMED
ADMIN_ITA_00017,Lombardia,1995,NMED
ADMIN_ITA_00018,Umbria,1995,NMED
ADMIN_ITA_00019,Friuli-Venezia Giuli,1995,NMED
ADMIN_MCO_00000,Monaco,1995,NMED
ADMIN_MDA_00000,Moldova,1995,NMED
ADMIN_MDA_00001,Govi-Altay,1995,NMED
ADMIN_MDA_00002,Ovorhangay,1995,NMED
ADMIN_MLT_00000,Malta,1995,NMED
ADMIN_MNE_00000,Montenegro,1995,NMED
ADMIN_ROU_00000,Timis,1995,NMED
ADMIN_ROU_00001,Vilcea,1995,NMED
ADMIN_ROU_00002,Arges,1995,NMED
ADMIN_ROU_00003,Gorj,1995,NMED
ADMIN_ROU_00004,Salaj,1995,NMED
ADMIN_ROU_00005,Teleorman,1995,NMED
ADMIN_ROU_00006,Neamt,1995,NMED
ADMIN_ROU_00007,Brasov,1995,NMED
ADMIN_ROU_00008,Harghita,1995,NMED
ADMIN_ROU_00009,Vrancea,1995,NMED
ADMIN_ROU_00010,Galati,1995,NMED
ADMIN_ROU_00011,Tulcea,1995,NMED
ADMIN_ROU_00012,Caras-Severin,1995,NMED
ADMIN_ROU_00013,Botosani,1995,NMED
ADMIN_ROU_00014,Iasi,1995,NMED
ADMIN_ROU_00015,Constanta,1995,NMED
ADMIN_ROU_00016,Olt,1995,NMED
ADMIN_ROU_00017,Suceava,1995,NMED
ADMIN_ROU_00018,Mehedinti,1995,NMED
ADMIN_ROU_00019,Buzau,1995,NMED
ADMIN_ROU_00020,Bucuresti,1995,NMED
ADMIN_ROU_00021,Dimbovita,1995,NMED
ADMIN_ROU_00022,Calarasi,1995,NMED
ADMIN_ROU_00023,Giurgiu,1995,NMED
ADMIN_ROU_00024,Bacau,1995,NMED
ADMIN_ROU_00025,Bistrita-Nasaud,1995,NMED
ADMIN_ROU_00026,Prahova,1995,NMED
ADMIN_ROU_00027,Arad,1995,NMED
ADMIN_ROU_00028,Maramures,1995,NMED
ADMIN_ROU_00029,Dolj,1995,NMED
ADMIN_ROU_00030,Alba,1995,NMED
ADMIN_ROU_00031,Satu Mare,1995,NMED
ADMIN_ROU_00032,Cluj,1995,NMED
ADMIN_ROU_00033,Bihor,1995,NMED
ADMIN_ROU_00034,Braila,1995,NMED
ADMIN_ROU_00035,Vaslui,1995,NMED
ADMIN_ROU_00036,Hunedoara,1995,NMED
ADMIN_ROU_00037,Covasna,1995,NMED
ADMIN_ROU_00038,Respublika Severnaya,1995,NMED
ADMIN_ROU_00039,Mures,1995,NMED
ADMIN_ROU_00040,Ialomita,1995,NMED
ADMIN_ROU_00041,Sibiu,1995,NMED
ADMIN_SVN_00000,Slovenia,1995,NMED
ADMIN_UKR_00000,Vinnitsa,1995,NMED
ADMIN_UKR_00001,Rovno,1995,NMED
ADMIN_UKR_00002,Cherkassy,1995,NMED
ADMIN_UKR_00003,Nikolayev,1995,NMED
ADMIN_UKR_00004,L'viv,1995,NMED
ADMIN_UKR_00005,Zapadoslovensky,1995,NMED
ADMIN_UKR_00006,Volyn,1995,NMED
ADMIN_UKR_00007,Kirovograd,1995,NMED
ADMIN_UKR_00008,Khmel'nitskiy,1995,NMED
ADMIN_UKR_00009,Kherson,1995,NMED
ADMIN_UKR_00010,Ivano-Frankovsk,1995,NMED
ADMIN_UKR_00011,Zaporozh'ye,1995,NMED
ADMIN_UKR_00012,Crimean,1995,NMED
ADMIN_UKR_00013,Kiev,1995,NMED
ADMIN_UKR_00014,Ternopl',1995,NMED
ADMIN_UKR_00015,Chernigov,1995,NMED
ADMIN_UKR_00016,Poltava,1995,NMED
ADMIN_UKR_00017,Dnepropetrovsk,1995,NMED
ADMIN_UKR_00018,Khar'kov,1995,NMED
ADMIN_UKR_00019,Chernovtsy,1995,NMED
ADMIN_UKR_00020,Zhitomir,1995,NMED
ADMIN_UKR_00021,Donetsk,1995,NMED
ADMIN_UKR_00022,Sumy,1995,NMED
ADMIN_UKR_00023,Lugansk,1995,NMED
ADMIN_UKR_00024,Odessa,1995,NMED
ADMIN_CAN_00002,British Columbia,1995,NAMP
ADMIN_MEX_00000,Durango,1995,NAMP
ADMIN_MEX_00002,Sinaloa,1995,NAMP
ADMIN_MEX_00006,Aguascalientes,1995,NAMP
ADMIN_MEX_00007,Mexico,1995,NAMP
ADMIN_MEX_00008,Guerrero,1995,NAMP
ADMIN_MEX_00010,Jalisco,1995,NAMP
ADMIN_MEX_00012,Queretaro,1995,NAMP
ADMIN_MEX_00013,Morelos,1995,NAMP
ADMIN_MEX_00014,Baja California,1995,NAMP
ADMIN_MEX_00016,Oaxaca,1995,NAMP
ADMIN_MEX_00017,Distrito Federal,1995,NAMP
ADMIN_MEX_00018,Chihuahua,1995,NAMP
ADMIN_MEX_00019,Guanajuato,1995,NAMP
ADMIN_MEX_00021,Chiapas,1995,NAMP
ADMIN_MEX_00023,Michoacan,1995,NAMP
ADMIN_MEX_00024,Zacatecas,1995,NAMP
ADMIN_MEX_00026,Colima,1995,NAMP
ADMIN_MEX_00027,Baja California Sur,1995,NAMP
ADMIN_MEX_00028,Nayarit,1995,NAMP
ADMIN_MEX_00030,Sonora,1995,NAMP
ADMIN_USA_00003,California,1995,NAMP
ADMIN_USA_00004,Montana,1995,NAMP
ADMIN_USA_00005,Idaho,1995,NAMP
ADMIN_USA_00008,New Mexico,1995,NAMP
ADMIN_USA_00012,Oregon,1995,NAMP
ADMIN_USA_00013,Wyoming,1995,NAMP
ADMIN_USA_00019,Utah,1995,NAMP
ADMIN_USA_00028,Colorado,1995,NAMP
ADMIN_USA_00035,Arizona,1995,NAMP
ADMIN_USA_00041,Washington,1995,NAMP
ADMIN_USA_00042,Nevada,1995,NAMP
ADMIN_USA_00046,Alaska,1995,NAMP
ADMIN_CAN_00000,Yukon Territory,1995,NAMA
ADMIN_CAN_00001,Ontario,1995,NAMA
ADMIN_CAN_00003,Northwest Territorie,1995,NAMA
ADMIN_CAN_00004,Quebec,1995,NAMA
ADMIN_CAN_00005,Nunavut,1995,NAMA
ADMIN_CAN_00006,Nova Scotia,1995,NAMA
ADMIN_CAN_00007,Prince Edward Island,1995,NAMA
ADMIN_CAN_00008,Newfoundland,1995,NAMA
ADMIN_CAN_00009,Manitoba,1995,NAMA
ADMIN_CAN_00010,New Brunswick,1995,NAMA
ADMIN_CAN_00011,Saskatchewan,1995,NAMA
ADMIN_CAN_00012,Alberta,1995,NAMA
ADMIN_MEX_00001,Quintana Roo,1995,NAMA
ADMIN_MEX_00003,San Luis Potosi,1995,NAMA
ADMIN_MEX_00004,Yucatan,1995,NAMA
ADMIN_MEX_00005,Tamaulipas,1995,NAMA
ADMIN_MEX_00009,Campeche,1995,NAMA
ADMIN_MEX_00011,Nuevo Leon,1995,NAMA
ADMIN_MEX_00015,Hidalgo,1995,NAMA
ADMIN_MEX_00020,Puebla,1995,NAMA
ADMIN_MEX_00022,Tlaxcala,1995,NAMA
ADMIN_MEX_00025,Tabasco,1995,NAMA
ADMIN_MEX_00029,Veracruz,1995,NAMA
ADMIN_MEX_00031,Coahuila,1995,NAMA
ADMIN_USA_00000,Michigan,1995,NAMA
ADMIN_USA_00001,Vermont,1995,NAMA
ADMIN_USA_00002,Connecticut,1995,NAMA
ADMIN_USA_00006,Minnesota,1995,NAMA
ADMIN_USA_00007,West Virginia,1995,NAMA
ADMIN_USA_00009,Alabama,1995,NAMA
ADMIN_USA_00010,Rhode Island,1995,NAMA
ADMIN_USA_00011,Maine,1995,NAMA
ADMIN_USA_00014,New Jersey,1995,NAMA
ADMIN_USA_00015,Nebraska,1995,NAMA
ADMIN_USA_00016,Oklahoma,1995,NAMA
ADMIN_USA_00017,Iowa,1995,NAMA
ADMIN_USA_00018,Louisiana,1995,NAMA
ADMIN_USA_00020,South Carolina,1995,NAMA
ADMIN_USA_00021,South Dakota,1995,NAMA
ADMIN_USA_00022,Texas,1995,NAMA
ADMIN_USA_00023,Wisconsin,1995,NAMA
ADMIN_USA_00024,Mississippi,1995,NAMA
ADMIN_USA_00025,Kentucky,1995,NAMA
ADMIN_USA_00026,Georgia,1995,NAMA
ADMIN_USA_00027,New York,1995,NAMA
ADMIN_USA_00029,North Carolina,1995,NAMA
ADMIN_USA_00030,Pennsylvania,1995,NAMA
ADMIN_USA_00031,Maryland,1995,NAMA
ADMIN_USA_00032,Massachusetts,1995,NAMA
ADMIN_USA_00033,Arkansas,1995,NAMA
ADMIN_USA_00034,Indiana,1995,NAMA
ADMIN_USA_00036,Virginia,1995,NAMA
ADMIN_USA_00037,Florida,1995,NAMA
ADMIN_USA_00038,Missouri,1995,NAMA
ADMIN_USA_00039,Ohio,1995,NAMA
ADMIN_USA_00040,New Hampshire,1995,NAMA
ADMIN_USA_00043,Kansas,1995,NAMA
ADMIN_USA_00044,District of Columbia,1995,NAMA
ADMIN_USA_00047,Delaware,1995,NAMA
ADMIN_USA_00048,Illinois,1995,NAMA
ADMIN_USA_00049,North Dakota,1995,NAMA
ADMIN_USA_00050,Tennessee,1995,NAMA
ADMIN_ATF_00000,Glorioso Is.,1995,INDS
ADMIN_ATF_00001,French Southern Terr,1995,INDS
ADMIN_ATF_00002,Juan De Nova I.,1995,INDS
ADMIN_CCK_00000,Cocos Is.,1995,INDS
ADMIN_COM_00000,Comoros,1995,INDS
ADMIN_CXR_00000,Christmas I.,1995,INDS
ADMIN_HMD_00000,Heard Island,1995,INDS
ADMIN_IOT_00000,British Indian Ocean,1995,INDS
ADMIN_MDV_00000,Shaviyani,1995,INDS
ADMIN_MDV_00001,Faafu,1995,INDS
ADMIN_MDV_00002,Laviyani,1995,INDS
ADMIN_MDV_00003,Meemu,1995,INDS
ADMIN_MDV_00004,Baa,1995,INDS
ADMIN_MDV_00005,Seenu,1995,INDS
ADMIN_MDV_00006,Aliff,1995,INDS
ADMIN_MDV_00007,Thaa,1995,INDS
ADMIN_MDV_00008,Haa Daalu,1995,INDS
ADMIN_MDV_00009,Raa,1995,INDS
ADMIN_MDV_00010,Kaafu,1995,INDS
ADMIN_MDV_00011,Laamu,1995,INDS
ADMIN_MDV_00012,Gaafu Daalu,1995,INDS
ADMIN_MDV_00013,Noonu,1995,INDS
ADMIN_MDV_00014,Gaafu Aliff,1995,INDS
ADMIN_MDV_00015,Daalu,1995,INDS
ADMIN_MDV_00016,Waavu,1995,INDS
ADMIN_MDV_00017,Naviyani,1995,INDS
ADMIN_MDV_00018,Haa Aliff,1995,INDS
ADMIN_MUS_00000,Mauritius,1995,INDS
ADMIN_MYT_00000,Mayotte,1995,INDS
ADMIN_REU_00000,Reunion,1995,INDS
ADMIN_SYC_00000,Seychelles,1995,INDS
ADMIN_ARE_00000,Ash Shariqah,1995,GULF
ADMIN_ARE_00001,Ra's al Khaymah,1995,GULF
ADMIN_ARE_00002,Umm al Qaywayn,1995,GULF
ADMIN_ARE_00003,'Ajman,1995,GULF
ADMIN_ARE_00004,Dubayy,1995,GULF
ADMIN_ARE_00005,Al Fujayrah,1995,GULF
ADMIN_ARE_00006,Abu Zaby,1995,GULF
ADMIN_BHR_00000,Sitrah,1995,GULF
ADMIN_BHR_00001,Ar Rifa wa al Mintaq,1995,GULF
ADMIN_BHR_00002,Al Mintaqah al Gharb,1995,GULF
ADMIN_BHR_00003,Jidd Hafs,1995,GULF
ADMIN_BHR_00004,Al Mintaqah ash Sham,1995,GULF
ADMIN_BHR_00005,Al Mintaqah al Wusta,1995,GULF
ADMIN_BHR_00006,Juzur Hawar,1995,GULF
ADMIN_BHR_00007,Madinat Hamad,1995,GULF
ADMIN_BHR_00008,Madinat Isa,1995,GULF
ADMIN_BHR_00009,Al Muharraq,1995,GULF
ADMIN_BHR_00010,Al Manamah,1995,GULF
ADMIN_IRN_00000,Tehran,1995,GULF
ADMIN_IRN_00001,Azarbayjan-e Khavari,1995,GULF
ADMIN_IRN_00002,Mazandaran,1995,GULF
ADMIN_IRN_00003,Markazi,1995,GULF
ADMIN_IRN_00004,Gilan,1995,GULF
ADMIN_IRN_00005,Sistan va Baluchesta,1995,GULF
ADMIN_IRN_00006,Esfahan,1995,GULF
ADMIN_IRN_00007,Lorestan,1995,GULF
ADMIN_IRN_00008,Azarbayjan-e Bakhtar,1995,GULF
ADMIN_IRN_00009,Ilam,1995,GULF
ADMIN_IRN_00010,Hamadan,1995,GULF
ADMIN_IRN_00011,Kohkiluyeh va buyer,1995,GULF
ADMIN_IRN_00012,Khorasan,1995,GULF
ADMIN_IRN_00013,Zanjan,1995,GULF
ADMIN_IRN_00014,Fars,1995,GULF
ADMIN_IRN_00015,Hormozgan,1995,GULF
ADMIN_IRN_00016,Semnan,1995,GULF
ADMIN_IRN_00017,Bushehr,1995,GULF
ADMIN_IRN_00018,Kerman,1995,GULF
ADMIN_IRN_00019,Kordestan,1995,GULF
ADMIN_IRN_00020,Chahar Mahall va Bak,1995,GULF
ADMIN_IRN_00021,Yazd,1995,GULF
ADMIN_IRN_00022,Bakhtaran,1995,GULF
ADMIN_IRN_00023,Khuzestan,1995,GULF
ADMIN_IRQ_00000,Baghdad,1995,GULF
ADMIN_IRQ_00001,Dahuk,1995,GULF
ADMIN_IRQ_00002,Diyala,1995,GULF
ADMIN_IRQ_00003,Maysan,1995,GULF
ADMIN_IRQ_00004,Ninawa,1995,GULF
ADMIN_IRQ_00005,Al Qadisiyah,1995,GULF
ADMIN_IRQ_00006,Babil,1995,GULF
ADMIN_IRQ_00007,Al Anbar,1995,GULF
ADMIN_IRQ_00008,At Ta'min,1995,GULF
ADMIN_IRQ_00009,Dhi Qar,1995,GULF
ADMIN_IRQ_00010,Wasit,1995,GULF
ADMIN_IRQ_00011,Karbala',1995,GULF
ADMIN_IRQ_00012,Al Muthanna,1995,GULF
ADMIN_IRQ_00013,Salah ad Din,1995,GULF
ADMIN_IRQ_00014,As Sulaymaniyah,1995,GULF
ADMIN_IRQ_00015,Arbil,1995,GULF
ADMIN_IRQ_00016,An Najaf,1995,GULF
ADMIN_IRQ_00017,Al Basrah,1995,GULF
ADMIN_KWT_00000,Al Ahmadi,1995,GULF
ADMIN_KWT_00001,Al Kuwayt,1995,GULF
ADMIN_KWT_00002,Al Farwaniyah,1995,GULF
ADMIN_KWT_00003,Al Jahrah,1995,GULF
ADMIN_KWT_00004,Hawalli,1995,GULF
ADMIN_OMN_00000,Al Wusta,1995,GULF
ADMIN_OMN_00001,Masqat,1995,GULF
ADMIN_OMN_00002,Al Batinah,1995,GULF
ADMIN_OMN_00003,Ad Dakhiliyah,1995,GULF
ADMIN_OMN_00004,Zufar,1995,GULF
ADMIN_OMN_00005,Musandam,1995,GULF
ADMIN_OMN_00006,Az Zahirah,1995,GULF
ADMIN_OMN_00007,Ash Sharqiyah,1995,GULF
ADMIN_QAT_00000,Umm Salal,1995,GULF
ADMIN_QAT_00001,Al Ghuwayriyah,1995,GULF
ADMIN_QAT_00002,Al-Wakrah,1995,GULF
ADMIN_QAT_00003,Ad Dawhah,1995,GULF
ADMIN_QAT_00004,Al Khawr,1995,GULF
ADMIN_QAT_00005,Jarayan al Batnah,1995,GULF
ADMIN_QAT_00006,Al Jumayliyah,1995,GULF
ADMIN_QAT_00007,Ash Shamal,1995,GULF
ADMIN_QAT_00008,Ar Rayyan,1995,GULF
ADMIN_SAU_00000,Al Jawf,1995,GULF
ADMIN_SAU_00001,Makkah,1995,GULF
ADMIN_SAU_00002,Al Madinah,1995,GULF
ADMIN_SAU_00003,Tabuk,1995,GULF
ADMIN_SAU_00004,Ha'il,1995,GULF
ADMIN_SAU_00005,Jizan,1995,GULF
ADMIN_SAU_00006,Ash Sharqiyah,1995,GULF
ADMIN_SAU_00007,Al Qasim,1995,GULF
ADMIN_SAU_00008,Al Hudud ash Shamali,1995,GULF
ADMIN_SAU_00009,Ar Riyad,1995,GULF
ADMIN_SAU_00010,'Asir,1995,GULF
ADMIN_SAU_00011,Al Qurayyat,1995,GULF
ADMIN_SAU_00012,Najran,1995,GULF
ADMIN_SAU_00013,Al Bahah,1995,GULF
ADMIN_YEM_00000,Aden,1995,GULF
ADMIN_YEM_00001,Al Bayda',1995,GULF
ADMIN_YEM_00002,Al Hudaydah,1995,GULF
ADMIN_YEM_00003,Al Mahrah,1995,GULF
ADMIN_YEM_00004,Hadhramaut,1995,GULF
ADMIN_YEM_00005,Dhamar,1995,GULF
ADMIN_YEM_00006,Al Mahwit,1995,GULF
ADMIN_YEM_00007,Al Jawf,1995,GULF
ADMIN_YEM_00008,Abyan,1995,GULF
ADMIN_YEM_00009,Ta'izz,1995,GULF
ADMIN_YEM_00010,'Ataq,1995,GULF
ADMIN_YEM_00011,Ibb,1995,GULF
ADMIN_YEM_00012,Lahij,1995,GULF
ADMIN_YEM_00013,Hajjah,1995,GULF
ADMIN_YEM_00014,Sa'dah,1995,GULF
ADMIN_YEM_00015,Ma'rib,1995,GULF
ADMIN_YEM_00016,San'a',1995,GULF
ADMIN_CHN_00000,Hebei,1995,EAS
ADMIN_CHN_00001,Hunan,1995,EAS
ADMIN_CHN_00002,Zhejiang,1995,EAS
ADMIN_CHN_00003,Ningxia,1995,EAS
ADMIN_CHN_00004,Guangxi,1995,EAS
ADMIN_CHN_00005,Hainan,1995,EAS
ADMIN_CHN_00006,Guizhou,1995,EAS
ADMIN_CHN_00007,Gansu,1995,EAS
ADMIN_CHN_00008,Shanghai,1995,EAS
ADMIN_CHN_00009,Guangdong,1995,EAS
ADMIN_CHN_00010,Paracel Is.,1995,EAS
ADMIN_CHN_00011,Heilongjiang,1995,EAS
ADMIN_CHN_00012,Henan,1995,EAS
ADMIN_CHN_00013,Tianjin,1995,EAS
ADMIN_CHN_00014,Shandong,1995,EAS
ADMIN_CHN_00015,Jiangsu,1995,EAS
ADMIN_CHN_00016,Qinghai,1995,EAS
ADMIN_CHN_00017,Jilin,1995,EAS
ADMIN_CHN_00018,Nei Mongol,1995,EAS
ADMIN_CHN_00019,Liaoning,1995,EAS
ADMIN_CHN_00020,Xinjiang,1995,EAS
ADMIN_CHN_00021,Beijing,1995,EAS
ADMIN_CHN_00022,Castilla y Leon,1995,EAS
ADMIN_CHN_00023,Sichuan,1995,EAS
ADMIN_CHN_00024,Anhui,1995,EAS
ADMIN_CHN_00025,Shaanxi,1995,EAS
ADMIN_CHN_00026,Hubei,1995,EAS
ADMIN_CHN_00027,Fujian,1995,EAS
ADMIN_CHN_00028,Yunnan,1995,EAS
ADMIN_CHN_00029,Jiangxi,1995,EAS
ADMIN_CHN_00030,Xizang,1995,EAS
ADMIN_CHN_00031,Shanxi,1995,EAS
ADMIN_HKG_00000,Hong Kong,1995,EAS
ADMIN_JPN_00000,Kyushu,1995,EAS
ADMIN_JPN_00001,Tohoku,1995,EAS
ADMIN_JPN_00002,Kinki,1995,EAS
ADMIN_JPN_00003,Chubu,1995,EAS
ADMIN_JPN_00004,Chugoku,1995,EAS
ADMIN_JPN_00005,Kanto,1995,EAS
ADMIN_JPN_00006,Okinawa,1995,EAS
ADMIN_JPN_00007,Hokkaido,1995,EAS
ADMIN_JPN_00008,Shikoku,1995,EAS
ADMIN_KOR_00000,Seoul-jikhalsi,1995,EAS
ADMIN_KOR_00001,Kyonggi-do,1995,EAS
ADMIN_KOR_00002,Inch'on-jikhalsi,1995,EAS
ADMIN_KOR_00003,Pusan-jikhalsi,1995,EAS
ADMIN_KOR_00004,Kyongsang-namdo,1995,EAS
ADMIN_KOR_00005,Kwangju-jikhalsi,1995,EAS
ADMIN_KOR_00006,Kangwon-do,1995,EAS
ADMIN_KOR_00007,Cheju-do,1995,EAS
ADMIN_KOR_00008,Kyongsang-bukto,1995,EAS
ADMIN_KOR_00009,Ch'ungch'ong-bukto,1995,EAS
ADMIN_KOR_00010,Cholla-bukto,1995,EAS
ADMIN_KOR_00011,Taegu-jikhalsi,1995,EAS
ADMIN_KOR_00012,Cholla-namdo,1995,EAS
ADMIN_KOR_00013,Ch'ungch'ong-namdo,1995,EAS
ADMIN_MAC_00000,Macau,1995,EAS
ADMIN_PRK_00000,P'yongan-namdo,1995,EAS
ADMIN_PRK_00001,Hwanghae-bukto,1995,EAS
ADMIN_PRK_00002,Hamgyong-bukto,1995,EAS
ADMIN_PRK_00003,Hamgyong-namdo,1995,EAS
ADMIN_PRK_00004,Kangwon-do,1995,EAS
ADMIN_PRK_00005,Hwanghae-namdo,1995,EAS
ADMIN_PRK_00006,P'yongan-bukto,1995,EAS
ADMIN_PRK_00007,Yanggang-do,1995,EAS
ADMIN_PRK_00008,Kaesong-si,1995,EAS
ADMIN_PRK_00009,Chagang-do,1995,EAS
ADMIN_PRK_00010,P'yongyang-si,1995,EAS
ADMIN_TWN_00000,Hua-lien,1995,EAS
ADMIN_TWN_00001,Kao-hsiung,1995,EAS
ADMIN_TWN_00002,Yun-lin,1995,EAS
ADMIN_TWN_00003,P'ing-tung,1995,EAS
ADMIN_TWN_00004,T'ai-nan Shih,1995,EAS
ADMIN_TWN_00005,Chia-i,1995,EAS
ADMIN_TWN_00006,T'ai-pei Shih,1995,EAS
ADMIN_TWN_00007,Nan-t'ou,1995,EAS
ADMIN_TWN_00008,T'ai-chung,1995,EAS
ADMIN_TWN_00009,T'ai-nan,1995,EAS
ADMIN_TWN_00010,P'eng-hu,1995,EAS
ADMIN_TWN_00011,T'ai-pei,1995,EAS
ADMIN_TWN_00012,I-lan,1995,EAS
ADMIN_TWN_00013,Miao-li,1995,EAS
ADMIN_TWN_00014,T'ao-yuan,1995,EAS
ADMIN_TWN_00015,Chi-lung Shih,1995,EAS
ADMIN_TWN_00016,Hsin-chu,1995,EAS
ADMIN_TWN_00017,Kao-hsiung Shih,1995,EAS
ADMIN_TWN_00018,Chang-hua,1995,EAS
ADMIN_TWN_00019,T'ai-tung,1995,EAS
ADMIN_TWN_00020,T'ai-chung Shih,1995,EAS
ADMIN_RUS_00000,Respublika Khakasiya,1995,CIS
ADMIN_RUS_00001,Nenetskiy avtonomnyy,1995,CIS
ADMIN_RUS_00002,Taymyrskiy(Dolgano-N,1995,CIS
ADMIN_RUS_00003,Respublika Sakha(Yak,1995,CIS
ADMIN_RUS_00004,Permskaya oblast',1995,CIS
ADMIN_RUS_00005,Chukotskiy avtonomny,1995,CIS
ADMIN_RUS_00006,Vologodskaya oblast',1995,CIS
ADMIN_RUS_00007,Murmanskaya oblast',1995,CIS
ADMIN_RUS_00008,Evenkiyskiy avtonomn,1995,CIS
ADMIN_RUS_00009,Komi-Permyatskiy avt,1995,CIS
ADMIN_RUS_00010,Ul'yanovskaya oblast,1995,CIS
ADMIN_RUS_00011,Respublika Komi,1995,CIS
ADMIN_RUS_00012,Krasnoyarskiy kray,1995,CIS
ADMIN_RUS_00013,Yamalo-Nenetskiy avt,1995,CIS
ADMIN_RUS_00014,Respublika Kareliya,1995,CIS
ADMIN_RUS_00015,Kalmykiya-Khal'mg Ta,1995,CIS
ADMIN_RUS_00016,Arkhangel'skaya obla,1995,CIS
ADMIN_RUS_00017,Samarskaya oblast',1995,CIS
ADMIN_RUS_00018,Kaliningradskaya obl,1995,CIS
ADMIN_RUS_00019,Khabarovskiy kray,1995,CIS
ADMIN_RUS_00020,Tyumenskaya oblast',1995,CIS
ADMIN_RUS_00021,Khanty-Mansiyskiy av,1995,CIS
ADMIN_RUS_00022,Respublika Bashkorto,1995,CIS
ADMIN_RUS_00023,Omskaya oblast',1995,CIS
ADMIN_RUS_00024,Bryanskaya oblast',1995,CIS
ADMIN_RUS_00025,Kostromskaya oblast',1995,CIS
ADMIN_RUS_00026,Koryakskiy avtonomny,1995,CIS
ADMIN_RUS_00027,Karachayevo-Cherkess,1995,CIS
ADMIN_RUS_00028,Rostovskaya oblast',1995,CIS
ADMIN_RUS_00029,Irkutskaya oblast',1995,CIS
ADMIN_RUS_00030,Magadanskaya oblast',1995,CIS
ADMIN_RUS_00031,Orenburgskaya oblast,1995,CIS
ADMIN_RUS_00032,Pskovskaya oblast',1995,CIS
ADMIN_RUS_00033,Yaroslavskaya oblast,1995,CIS
ADMIN_RUS_00034,Tverskaya oblast',1995,CIS
ADMIN_RUS_00035,Krasnodarskiy kray,1995,CIS
ADMIN_RUS_00036,Novosibirskaya oblas,1995,CIS
ADMIN_RUS_00037,Kirovskaya oblast',1995,CIS
ADMIN_RUS_00038,Chitinskaya oblast',1995,CIS
ADMIN_RUS_00039,Penzenskaya oblast',1995,CIS
ADMIN_RUS_00040,Amurskaya oblast',1995,CIS
ADMIN_RUS_00041,Tambovskaya oblast',1995,CIS
ADMIN_RUS_00042,Sverdlovskaya oblast,1995,CIS
ADMIN_RUS_00043,Respublika Tyva,1995,CIS
ADMIN_RUS_00044,Respublika Dagestan,1995,CIS
ADMIN_RUS_00045,Ivanovskaya oblast',1995,CIS
ADMIN_RUS_00046,Respublika Adygeya,1995,CIS
ADMIN_RUS_00047,Leningradskaya oblas,1995,CIS
ADMIN_RUS_00048,Respublika Mariy-El,1995,CIS
ADMIN_RUS_00049,Altayskiy kray,1995,CIS
ADMIN_RUS_00050,Ust'-Ordynskiy Burya,1995,CIS
ADMIN_RUS_00051,Lipetskaya oblast',1995,CIS
ADMIN_RUS_00052,Tomskaya oblast',1995,CIS
ADMIN_RUS_00053,Novgorodskaya oblast,1995,CIS
ADMIN_RUS_00054,Astrakhanskaya oblas,1995,CIS
ADMIN_RUS_00055,Kurganskaya oblast',1995,CIS
ADMIN_RUS_00056,Kemerovskaya oblast',1995,CIS
ADMIN_RUS_00057,Smolenskaya oblast',1995,CIS
ADMIN_RUS_00058,Chechenskaya Respubl,1995,CIS
ADMIN_RUS_00059,Stavropol'skiy kray,1995,CIS
ADMIN_RUS_00060,Respublika Mordoviya,1995,CIS
ADMIN_RUS_00061,Respublika Tatarstan,1995,CIS
ADMIN_RUS_00062,Orlovskaya oblast',1995,CIS
ADMIN_RUS_00063,Tul'skaya oblast',1995,CIS
ADMIN_RUS_00064,Udmurtskaya Respubli,1995,CIS
ADMIN_RUS_00065,Chelyabinskaya oblas,1995,CIS
ADMIN_RUS_00066,Kurskaya oblast',1995,CIS
ADMIN_RUS_00067,Kabardino-Balkarskay,1995,CIS
ADMIN_RUS_00068,Belgorodskaya oblast,1995,CIS
ADMIN_RUS_00069,Ryazanskaya oblast',1995,CIS
ADMIN_RUS_00070,Kaluzhskaya oblast',1995,CIS
ADMIN_RUS_00071,Kamchatskaya oblast',1995,CIS
ADMIN_RUS_00072,Volgogradskaya oblas,1995,CIS
ADMIN_RUS_00073,Sakhalinskaya oblast,1995,CIS
ADMIN_RUS_00074,Respublika Altay,1995,CIS
ADMIN_RUS_00075,Voronezhskaya oblast,1995,CIS
ADMIN_RUS_00076,Chuvashskaya Respubl,1995,CIS
ADMIN_RUS_00077,Respublika Buryatiya,1995,CIS
ADMIN_RUS_00078,Primorskiy kray,1995,CIS
ADMIN_RUS_00079,Yevreyskaya avtonomn,1995,CIS
ADMIN_RUS_00080,Vladimirskaya oblast,1995,CIS
ADMIN_RUS_00081,Nizhegorodskaya obla,1995,CIS
ADMIN_RUS_00082,Ingushskaya Respubli,1995,CIS
ADMIN_RUS_00083,Aginskiy Buryatskiy,1995,CIS
ADMIN_RUS_00084,Moskovskaya oblast',1995,CIS
ADMIN_RUS_00085,Saratovskaya oblast',1995,CIS
ADMIN_ABW_00000,Aruba,1995,CAR
ADMIN_AIA_00000,Anguilla,1995,CAR
ADMIN_ATG_00000,Antigua & Barbuda,1995,CAR
ADMIN_BES_00000,"Bonaire, Saba and Saint Eustatius",1995,CAR
ADMIN_BHS_00000,Bahamas,1995,CAR
ADMIN_BLM_00000,Saint Barthelemy,1995,CAR
ADMIN_BRB_00000,Barbados,1995,CAR
ADMIN_CUB_00000,Pinar del Rio,1995,CAR
ADMIN_CUB_00001,Isla de la Juventud,1995,CAR
ADMIN_CUB_00002,Guantanamo Bay,1995,CAR
ADMIN_CUB_00003,Cienfuegos,1995,CAR
ADMIN_CUB_00004,Ciego de Avila,1995,CAR
ADMIN_CUB_00005,Las Tunas,1995,CAR
ADMIN_CUB_00006,Matanzas,1995,CAR
ADMIN_CUB_00007,Holguin,1995,CAR
ADMIN_CUB_00008,Ciudad de la Habana,1995,CAR
ADMIN_CUB_00009,Camaguey,1995,CAR
ADMIN_CUB_00010,Granma,1995,CAR
ADMIN_CUB_00011,Villa Clara,1995,CAR
ADMIN_CUB_00012,Guantanamo,1995,CAR
ADMIN_CUB_00013,Santiago de Cuba,1995,CAR
ADMIN_CUB_00014,La Habana,1995,CAR
ADMIN_CUB_00015,Sancti Spiritus,1995,CAR
ADMIN_CUW_00000,Curacao,1995,CAR
ADMIN_CYM_00000,Cayman Is.,1995,CAR
ADMIN_DMA_00000,Dominica,1995,CAR
ADMIN_DOM_00000,La Altagracia,1995,CAR
ADMIN_DOM_00001,Samana,1995,CAR
ADMIN_DOM_00002,Azua,1995,CAR
ADMIN_DOM_00003,Dajabon,1995,CAR
ADMIN_DOM_00004,Barahona,1995,CAR
ADMIN_DOM_00005,Independencia,1995,CAR
ADMIN_DOM_00006,La Estrelleta,1995,CAR
ADMIN_DOM_00007,Santiago Rodrigu,1995,CAR
ADMIN_DOM_00008,El Seibo,1995,CAR
ADMIN_DOM_00009,Salcedo,1995,CAR
ADMIN_DOM_00010,Monte Cristi,1995,CAR
ADMIN_DOM_00011,San Juan,1995,CAR
ADMIN_DOM_00012,Puerto Plata,1995,CAR
ADMIN_DOM_00013,Maria Trinidad S,1995,CAR
ADMIN_DOM_00014,Santiago,1995,CAR
ADMIN_DOM_00015,La Vega,1995,CAR
ADMIN_DOM_00016,Pedernales,1995,CAR
ADMIN_DOM_00017,La Romana,1995,CAR
ADMIN_DOM_00018,Distrito Nacional,1995,CAR
ADMIN_DOM_00019,San Cristobal,1995,CAR
ADMIN_DOM_00020,Monsenor Novel,1995,CAR
ADMIN_DOM_00021,Monte Plata,1995,CAR
ADMIN_DOM_00022,Peravia,1995,CAR
ADMIN_DOM_00023,Hato Major,1995,CAR
ADMIN_DOM_00024,Baoruco,1995,CAR
ADMIN_DOM_00025,Valverde,1995,CAR
ADMIN_DOM_00026,Santo Domingo,1995,CAR
ADMIN_DOM_00027,Sanchez Ramirez,1995,CAR
ADMIN_DOM_00028,Espaillat,1995,CAR
ADMIN_DOM_00029,San Pedro de Macors,1995,CAR
ADMIN_DOM_00030,Duarte,1995,CAR
ADMIN_GLP_00000,Guadeloupe,1995,CAR
ADMIN_GRD_00000,Grenada,1995,CAR
ADMIN_HTI_00000,Sud-Est,1995,CAR
ADMIN_HTI_00001,Centre,1995,CAR
ADMIN_HTI_00002,Nord-Est,1995,CAR
ADMIN_HTI_00003,Ouest,1995,CAR
ADMIN_HTI_00004,Sud,1995,CAR
ADMIN_HTI_00005,Nord-Ouest,1995,CAR
ADMIN_HTI_00006,Grand Anse,1995,CAR
ADMIN_HTI_00007,Nord,1995,CAR
ADMIN_HTI_00008,Artibonite,1995,CAR
ADMIN_JAM_00000,Clarendon,1995,CAR
ADMIN_JAM_00001,Saint Andrew,1995,CAR
ADMIN_JAM_00002,Saint Ann,1995,CAR
ADMIN_JAM_00003,Kingston,1995,CAR
ADMIN_JAM_00004,Saint Mary,1995,CAR
ADMIN_JAM_00005,Manchester,1995,CAR
ADMIN_JAM_00006,Westmoreland,1995,CAR
ADMIN_JAM_00007,Saint Thomas,1995,CAR
ADMIN_JAM_00008,Saint James,1995,CAR
ADMIN_JAM_00009,Trelawny,1995,CAR
ADMIN_JAM_00010,Portland,1995,CAR
ADMIN_JAM_00011,Hanover,1995,CAR
ADMIN_JAM_00012,Saint Elizabeth,1995,CAR
ADMIN_JAM_00013,Saint Catherine,1995,CAR
ADMIN_KNA_00000,St. Kitts & Nevis,1995,CAR
ADMIN_LCA_00000,St. Lucia,1995,CAR
ADMIN_MAF_00000,Saint Martin,1995,CAR
ADMIN_MSR_00000,Montserrat,1995,CAR
ADMIN_MTQ_00000,Martinique,1995,CAR
ADMIN_PRI_00000,San Juan,1995,CAR
ADMIN_PRI_00001,Bayamon,1995,CAR
ADMIN_PRI_00002,Ponce,1995,CAR
ADMIN_PRI_00003,Humacao,1995,CAR
ADMIN_PRI_00004,Guayama,1995,CAR
ADMIN_PRI_00005,Aguadilla,1995,CAR
ADMIN_PRI_00006,Arecibo,1995,CAR
ADMIN_PRI_00007,Mayag?ez,1995,CAR
ADMIN_TCA_00000,Turks & Caicos Is.,1995,CAR
ADMIN_TTO_00000,Trinidad & Tobago,1995,CAR
ADMIN_VCT_00000,St. Vincent & the Gr,1995,CAR
ADMIN_VGB_00000,British Virgin Is.,1995,CAR
ADMIN_CRI_00000,San Jose,1995,CAMP
ADMIN_CRI_00001,Heredia,1995,CAMP
ADMIN_CRI_00002,Guanacaste,1995,CAMP
ADMIN_CRI_00003,Cartago,1995,CAMP
ADMIN_CRI_00004,Limon,1995,CAMP
ADMIN_CRI_00005,Puntarenas,1995,CAMP
ADMIN_CRI_00006,Alajuela,1995,CAMP
ADMIN_GTM_00000,Suchitepequez,1995,CAMP
ADMIN_GTM_00003,Retalhuleu,1995,CAMP
ADMIN_GTM_00004,Escuintla,1995,CAMP
ADMIN_GTM_00005,San Marcos,1995,CAMP
ADMIN_GTM_00006,Sacatepequez,1995,CAMP
ADMIN_GTM_00007,Santa Rosa,1995,CAMP
ADMIN_GTM_00008,Solola,1995,CAMP
ADMIN_GTM_00009,Jutiapa,1995,CAMP
ADMIN_GTM_00010,Quiche,1995,CAMP
ADMIN_GTM_00017,Totonicapan,1995,CAMP
ADMIN_GTM_00018,Quezaltenango,1995,CAMP
ADMIN_GTM_00019,Chimaltenango,1995,CAMP
ADMIN_GTM_00020,Huehuetenango,1995,CAMP
ADMIN_HND_00002,Intibuca,1995,CAMP
ADMIN_HND_00004,Ocotepeque,1995,CAMP
ADMIN_HND_00006,Francisco Morazan,1995,CAMP
ADMIN_HND_00008,El Paraiso,1995,CAMP
ADMIN_HND_00009,La Paz,1995,CAMP
ADMIN_HND_00013,Valle,1995,CAMP
ADMIN_HND_00015,Choluteca,1995,CAMP
ADMIN_HND_00017,Lempira,1995,CAMP
ADMIN_NIC_00000,Carazo,1995,CAMP
ADMIN_NIC_00002,Nueva Segovia,1995,CAMP
ADMIN_NIC_00003,Esteli,1995,CAMP
ADMIN_NIC_00004,Leon,1995,CAMP
ADMIN_NIC_00005,Matagalpa,1995,CAMP
ADMIN_NIC_00006,Managua,1995,CAMP
ADMIN_NIC_00007,Granada,1995,CAMP
ADMIN_NIC_00008,Rivas,1995,CAMP
ADMIN_NIC_00009,Madriz,1995,CAMP
ADMIN_NIC_00010,Boaco,1995,CAMP
ADMIN_NIC_00013,Chontales,1995,CAMP
ADMIN_NIC_00014,Chinandega,1995,CAMP
ADMIN_NIC_00015,Masaya,1995,CAMP
ADMIN_PAN_00000,Panama,1995,CAMP
ADMIN_PAN_00001,Chiriqui,1995,CAMP
ADMIN_PAN_00003,Cocle,1995,CAMP
ADMIN_PAN_00004,Darien,1995,CAMP
ADMIN_PAN_00005,Los Santos,1995,CAMP
ADMIN_PAN_00006,Herrera,1995,CAMP
ADMIN_PAN_00009,Veraguas,1995,CAMP
ADMIN_SLV_00000,San Salvador,1995,CAMP
ADMIN_SLV_00001,San Vicente,1995,CAMP
ADMIN_SLV_00002,San Miguel,1995,CAMP
ADMIN_SLV_00003,Ahuachapan,1995,CAMP
ADMIN_SLV_00004,La Libertad,1995,CAMP
ADMIN_SLV_00005,La Union,1995,CAMP
ADMIN_SLV_00006,Cabanas,1995,CAMP
ADMIN_SLV_00007,Cuscatlan,1995,CAMP
ADMIN_SLV_00008,Sonsonate,1995,CAMP
ADMIN_SLV_00009,La Paz,1995,CAMP
ADMIN_SLV_00010,Santa Ana,1995,CAMP
ADMIN_SLV_00011,Ratchaburi,1995,CAMP
ADMIN_SLV_00012,Morazan,1995,CAMP
ADMIN_SLV_00013,Usulutan,1995,CAMP
ADMIN_SLV_00014,Chalatenango,1995,CAMP
ADMIN_BLZ_00000,Toledo,1995,CAMA
ADMIN_BLZ_00001,Stann Creek,1995,CAMA
ADMIN_BLZ_00002,Corozal,1995,CAMA
ADMIN_BLZ_00003,Belize,1995,CAMA
ADMIN_BLZ_00004,Orange Walk,1995,CAMA
ADMIN_BLZ_00005,Cayo,1995,CAMA
ADMIN_GTM_00001,Peten,1995,CAMA
ADMIN_GTM_00002,Baja Verapaz,1995,CAMA
ADMIN_GTM_00011,Zacapa,1995,CAMA
ADMIN_GTM_00012,Jalapa,1995,CAMA
ADMIN_GTM_00013,El Progreso,1995,CAMA
ADMIN_GTM_00014,Chiquimula,1995,CAMA
ADMIN_GTM_00015,Guatemala,1995,CAMA
ADMIN_GTM_00016,Izabal,1995,CAMA
ADMIN_GTM_00021,Alta Verapaz,1995,CAMA
ADMIN_HND_00000,Santa Barbara,1995,CAMA
ADMIN_HND_00001,Olancho,1995,CAMA
ADMIN_HND_00003,Copan,1995,CAMA
ADMIN_HND_00005,Gracias a Dios,1995,CAMA
ADMIN_HND_00007,Cortes,1995,CAMA
ADMIN_HND_00010,Yoro,1995,CAMA
ADMIN_HND_00011,Islas de la Bahia,1995,CAMA
ADMIN_HND_00012,Atlantida,1995,CAMA
ADMIN_HND_00014,Comayagua,1995,CAMA
ADMIN_HND_00016,Colon,1995,CAMA
ADMIN_NIC_00001,Zelaya,1995,CAMA
ADMIN_NIC_00011,Jinotega,1995,CAMA
ADMIN_NIC_00012,Rio San Juan,1995,CAMA
ADMIN_PAN_00002,Bocas del Toro,1995,CAMA
ADMIN_PAN_00007,Colon,1995,CAMA
ADMIN_PAN_00008,San Blas,1995,CAMA
ADMIN_ALA_00000,Ahvenanmaa,1995,BALT
ADMIN_DEU_00001,Mecklenburg-Vorpomme,1995,BALT
ADMIN_DEU_00005,Sachsen,1995,BALT
ADMIN_DEU_00007,Berlin,1995,BALT
ADMIN_DEU_00009,Sachsen-Anhalt,1995,BALT
ADMIN_DEU_00010,Thuringen,1995,BALT
ADMIN_DEU_00015,Brandenburg,1995,BALT
ADMIN_DNK_00000,Roskilde,1995,BALT
ADMIN_DNK_00001,Storstrom,1995,BALT
ADMIN_DNK_00002,Fyn,1995,BALT
ADMIN_DNK_00003,Staden Kobenhavn,1995,BALT
ADMIN_DNK_00004,Kobenhavn,1995,BALT
ADMIN_DNK_00007,Frederiksborg,1995,BALT
ADMIN_DNK_00008,Vestsjalland,1995,BALT
ADMIN_DNK_00011,Bornholm,1995,BALT
ADMIN_EST_00000,Estonia,1995,BALT
ADMIN_FIN_00000,Hame,1995,BALT
ADMIN_FIN_00001,Pohjois-Karjala,1995,BALT
ADMIN_FIN_00002,Keski-Suomi,1995,BALT
ADMIN_FIN_00003,Oulu,1995,BALT
ADMIN_FIN_00004,Uusimaa,1995,BALT
ADMIN_FIN_00005,Kymi,1995,BALT
ADMIN_FIN_00006,Turku Ja Pori,1995,BALT
ADMIN_FIN_00007,Mikkeli,1995,BALT
ADMIN_FIN_00008,Vaasa,1995,BALT
ADMIN_FIN_00009,Lappi,1995,BALT
ADMIN_FIN_00010,Kuopio,1995,BALT
ADMIN_LTU_00000,Lithuania,1995,BALT
ADMIN_LVA_00000,Latvia,1995,BALT
ADMIN_POL_00000,Elblag,1995,BALT
ADMIN_POL_00001,Skierniewice,1995,BALT
ADMIN_POL_00002,Plock,1995,BALT
ADMIN_POL_00003,Rzeszow,1995,BALT
ADMIN_POL_00004,Ostroleka,1995,BALT
ADMIN_POL_00005,Torun,1995,BALT
ADMIN_POL_00006,Warszawa,1995,BALT
ADMIN_POL_00007,Gdansk,1995,BALT
ADMIN_POL_00008,Lublin,1995,BALT
ADMIN_POL_00009,Wloclawek,1995,BALT
ADMIN_POL_00010,Biala Podlaska,1995,BALT
ADMIN_POL_00011,Konin,1995,BALT
ADMIN_POL_00012,Chelm,1995,BALT
ADMIN_POL_00013,Legnica,1995,BALT
ADMIN_POL_00014,Przemysl,1995,BALT
ADMIN_POL_00015,Radom,1995,BALT
ADMIN_POL_00016,Zielona Gora,1995,BALT
ADMIN_POL_00017,Wroclaw,1995,BALT
ADMIN_POL_00018,Nowy Sacz,1995,BALT
ADMIN_POL_00019,Piotrkow,1995,BALT
ADMIN_POL_00020,Lomza,1995,BALT
ADMIN_POL_00021,Jelenia Gora,1995,BALT
ADMIN_POL_00022,Katowice,1995,BALT
ADMIN_POL_00023,Gorzow,1995,BALT
ADMIN_POL_00024,Tarnobrzeg,1995,BALT
ADMIN_POL_00025,Bydgoszcz,1995,BALT
ADMIN_POL_00026,Lodz,1995,BALT
ADMIN_POL_00027,Krakow,1995,BALT
ADMIN_POL_00028,Tarnow,1995,BALT
ADMIN_POL_00029,Suwalki,1995,BALT
ADMIN_POL_00030,Bielsko,1995,BALT
ADMIN_POL_00031,Opole,1995,BALT
ADMIN_POL_00032,Krosno,1995,BALT
ADMIN_POL_00033,Koszalin,1995,BALT
ADMIN_POL_00034,Siedlce,1995,BALT
ADMIN_POL_00035,Bialystok,1995,BALT
ADMIN_POL_00036,Czestochowa,1995,BALT
ADMIN_POL_00037,Zamosc,1995,BALT
ADMIN_POL_00038,Kalisz,1995,BALT
ADMIN_POL_00039,Leszno,1995,BALT
ADMIN_POL_00040,Sieradz,1995,BALT
ADMIN_POL_00041,Slupsk,1995,BALT
ADMIN_POL_00042,Ciechanow,1995,BALT
ADMIN_POL_00043,Kielce,1995,BALT
ADMIN_POL_00044,Szczecin,1995,BALT
ADMIN_POL_00045,Pila,1995,BALT
ADMIN_POL_00046,Olsztyn,1995,BALT
ADMIN_POL_00047,Walbrzych,1995,BALT
ADMIN_POL_00048,Poznan,1995,BALT
ADMIN_SWE_00000,Blekinge,1995,BALT
ADMIN_SWE_00001,Varmlands,1995,BALT
ADMIN_SWE_00002,Skaraborgs,1995,BALT
ADMIN_SWE_00003,Kopparbergs,1995,BALT
ADMIN_SWE_00004,Kristianstads,1995,BALT
ADMIN_SWE_00005,Gavleborgs,1995,BALT
ADMIN_SWE_00006,Jamtlands,1995,BALT
ADMIN_SWE_00007,Stockholms,1995,BALT
ADMIN_SWE_00008,Gotlands,1995,BALT
ADMIN_SWE_00009,Sodermanlands,1995,BALT
ADMIN_SWE_00010,Vasternorrlands,1995,BALT
ADMIN_SWE_00011,Goteborgs Och Bohus,1995,BALT
ADMIN_SWE_00012,Orebro,1995,BALT
ADMIN_SWE_00013,Kalmar,1995,BALT
ADMIN_SWE_00014,Alvsborgs,1995,BALT
ADMIN_SWE_00015,Vastmanlands,1995,BALT
ADMIN_SWE_00016,Norrbottens,1995,BALT
ADMIN_SWE_00017,Hallands,1995,BALT
ADMIN_SWE_00018,Kronobergs,1995,BALT
ADMIN_SWE_00019,Ostergotlands,1995,BALT
ADMIN_SWE_00020,Malmohus,1995,BALT
ADMIN_SWE_00021,Uppsala,1995,BALT
ADMIN_SWE_00022,Vasterbottens,1995,BALT
ADMIN_SWE_00023,Jonkopings,1995,BALT
ADMIN_BMU_00000,Bermuda,1995,ATLS
ADMIN_CPV_00000,Cape Verde,1995,ATLS
ADMIN_SHN_00000,St. Helena,1995,ATLS
ADMIN_SPM_00000,St. Pierre & Miquelo,1995,ATLS
ADMIN_STP_00000,Principe,1995,ATLS
ADMIN_STP_00001,Sao Tome,1995,ATLS
ADMIN_BGD_00000,Rajshahi,1995,ASIN
ADMIN_BGD_00001,Khulna,1995,ASIN
ADMIN_BGD_00002,Barisal,1995,ASIN
ADMIN_BGD_00003,Dhaka,1995,ASIN
ADMIN_BGD_00004,Chittagong,1995,ASIN
ADMIN_IND_00000,Delhi,1995,ASIN
ADMIN_IND_00001,Gujarat,1995,ASIN
ADMIN_IND_00002,Chandigarh,1995,ASIN
ADMIN_IND_00003,Andaman and Nicobar,1995,ASIN
ADMIN_IND_00004,Manipur,1995,ASIN
ADMIN_IND_00005,Arunachal Pradesh,1995,ASIN
ADMIN_IND_00006,Daman & Diu,1995,ASIN
ADMIN_IND_00007,Karnataka,1995,ASIN
ADMIN_IND_00008,Sikkim,1995,ASIN
ADMIN_IND_00009,Tamil Nadu,1995,ASIN
ADMIN_IND_00010,Madhya Pradesh,1995,ASIN
ADMIN_IND_00011,Andhra Pradesh,1995,ASIN
ADMIN_IND_00012,Jammu & Kashmir,1995,ASIN
ADMIN_IND_00013,Himachal Pradesh,1995,ASIN
ADMIN_IND_00014,Haryana,1995,ASIN
ADMIN_IND_00015,Pondicherry,1995,ASIN
ADMIN_IND_00016,Rajasthan,1995,ASIN
ADMIN_IND_00017,Uttar Pradesh,1995,ASIN
ADMIN_IND_00018,Lakshadweep,1995,ASIN
ADMIN_IND_00019,Assam,1995,ASIN
ADMIN_IND_00020,Mizoram,1995,ASIN
ADMIN_IND_00021,Orissa,1995,ASIN
ADMIN_IND_00022,Goa,1995,ASIN
ADMIN_IND_00023,Nagaland,1995,ASIN
ADMIN_IND_00024,Kerala,1995,ASIN
ADMIN_IND_00025,Bihar,1995,ASIN
ADMIN_IND_00026,West Bengal,1995,ASIN
ADMIN_IND_00027,Tripura,1995,ASIN
ADMIN_IND_00028,Dadra and Nagar Have,1995,ASIN
ADMIN_IND_00029,Meghalaya,1995,ASIN
ADMIN_IND_00030,Maharashtra,1995,ASIN
ADMIN_IND_00031,Punjab,1995,ASIN
ADMIN_LKA_00000,Western,1995,ASIN
ADMIN_LKA_00001,Southern,1995,ASIN
ADMIN_LKA_00002,North Central,1995,ASIN
ADMIN_LKA_00003,Sabaragamuwa,1995,ASIN
ADMIN_LKA_00004,Northern,1995,ASIN
ADMIN_LKA_00005,North Western,1995,ASIN
ADMIN_LKA_00006,Central,1995,ASIN
ADMIN_LKA_00007,Uva,1995,ASIN
ADMIN_LKA_00008,Eastern,1995,ASIN
ADMIN_MMR_00000,Kayah State,1995,ASIN
ADMIN_MMR_00001,Pegu,1995,ASIN
ADMIN_MMR_00002,Chin State,1995,ASIN
ADMIN_MMR_00003,Mon State,1995,ASIN
ADMIN_MMR_00004,Shan State,1995,ASIN
ADMIN_MMR_00005,Irrawaddy,1995,ASIN
ADMIN_MMR_00006,Arakan State,1995,ASIN
ADMIN_MMR_00007,Karen State,1995,ASIN
ADMIN_MMR_00008,Magwe,1995,ASIN
ADMIN_MMR_00009,Tenasserim,1995,ASIN
ADMIN_MMR_00010,Mandalay,1995,ASIN
ADMIN_MMR_00011,Kachin State,1995,ASIN
ADMIN_MMR_00012,Rangoon,1995,ASIN
ADMIN_MMR_00013,Sagaing,1995,ASIN
ADMIN_PAK_00000,Northern Areas,1995,ASIN
ADMIN_PAK_00001,Sind,1995,ASIN
ADMIN_PAK_00002,North-west Frontier,1995,ASIN
ADMIN_PAK_00003,Azad Kashmir Provinc,1995,ASIN
ADMIN_PAK_00004,Federally Administer,1995,ASIN
ADMIN_PAK_00005,Baluchistan,1995,ASIN
ADMIN_PAK_00006,Punjab,1995,ASIN
ADMIN_DJI_00000,'Ali Sabih,1995,AFRI
ADMIN_DJI_00001,Obock,1995,AFRI
ADMIN_DJI_00002,Djibouti,1995,AFRI
ADMIN_DJI_00003,Dikhil,1995,AFRI
ADMIN_DJI_00004,Tadjoura,1995,AFRI
ADMIN_ERI_00000,Denakil,1995,AFRI
ADMIN_ERI_00001,Sahil,1995,AFRI
ADMIN_ERI_00002,Samhar,1995,AFRI
ADMIN_ERI_00003,Senhit,1995,AFRI
ADMIN_ERI_00004,Akale Guzay,1995,AFRI
ADMIN_ERI_00005,Baraka,1995,AFRI
ADMIN_ERI_00006,Seraye,1995,AFRI
ADMIN_ERI_00007,Hamasen,1995,AFRI
ADMIN_KEN_00000,Western,1995,AFRI
ADMIN_KEN_00001,Nyanza,1995,AFRI
ADMIN_KEN_00002,Coast,1995,AFRI
ADMIN_KEN_00003,Eastern,1995,AFRI
ADMIN_KEN_00004,Nairobi Area,1995,AFRI
ADMIN_KEN_00005,Rift Valley,1995,AFRI
ADMIN_KEN_00006,North-Eastern,1995,AFRI
ADMIN_KEN_00007,Central,1995,AFRI
ADMIN_MDG_00000,Antananarivo,1995,AFRI
ADMIN_MDG_00001,Mahajanga,1995,AFRI
ADMIN_MDG_00002,Toamasina,1995,AFRI
ADMIN_MDG_00003,Fianarantsoa,1995,AFRI
ADMIN_MDG_00004,Toliara,1995,AFRI
ADMIN_MDG_00005,Antsiranana,1995,AFRI
ADMIN_MOZ_00000,Zambezia,1995,AFRI
ADMIN_MOZ_00001,Sofala,1995,AFRI
ADMIN_MOZ_00002,Inhambane,1995,AFRI
ADMIN_MOZ_00003,Nampula,1995,AFRI
ADMIN_MOZ_00004,Manica,1995,AFRI
ADMIN_MOZ_00005,Cabo Delgado,1995,AFRI
ADMIN_MOZ_00006,Maputo,1995,AFRI
ADMIN_MOZ_00007,Niassa,1995,AFRI
ADMIN_MOZ_00008,Gaza,1995,AFRI
ADMIN_MOZ_00009,Tete,1995,AFRI
ADMIN_SDN_00000,Kurdufan,1995,AFRI
ADMIN_SDN_00001,Al Khartum,1995,AFRI
ADMIN_SDN_00002,Bahr al Ghazal,1995,AFRI
ADMIN_SDN_00003,Al Istiwa'iyah,1995,AFRI
ADMIN_SDN_00004,A'ali an Nil,1995,AFRI
ADMIN_SDN_00005,Ash Sharqiyah,1995,AFRI
ADMIN_SDN_00006,Al Wusta,1995,AFRI
ADMIN_SDN_00007,Darfur,1995,AFRI
ADMIN_SDN_00008,Ash Shamaliyah,1995,AFRI
ADMIN_SOM_00000,Mudug,1995,AFRI
ADMIN_SOM_00001,Jubbada Hoose,1995,AFRI
ADMIN_SOM_00002,Hiiraan,1995,AFRI
ADMIN_SOM_00003,Bari,1995,AFRI
ADMIN_SOM_00004,Banaadir,1995,AFRI
ADMIN_SOM_00005,Sanaag,1995,AFRI
ADMIN_SOM_00006,Sool,1995,AFRI
ADMIN_SOM_00007,Jubbada Dhexe,1995,AFRI
ADMIN_SOM_00008,Awdal,1995,AFRI
ADMIN_SOM_00009,Nugaal,1995,AFRI
ADMIN_SOM_00010,Gedo,1995,AFRI
ADMIN_SOM_00011,Shabeellaha Dhexe,1995,AFRI
ADMIN_SOM_00012,Shabeellaha Hoose,1995,AFRI
ADMIN_SOM_00013,Bakool,1995,AFRI
ADMIN_SOM_00014,Togdheer,1995,AFRI
ADMIN_SOM_00015,Bay,1995,AFRI
ADMIN_SOM_00016,Galguduud,1995,AFRI
ADMIN_SOM_00017,Woqooyi Galbeed,1995,AFRI
ADMIN_TZA_00000,Iringa,1995,AFRI
ADMIN_TZA_00001,Tanga,1995,AFRI
ADMIN_TZA_00002,Lindi,1995,AFRI
ADMIN_TZA_00003,Mtwara,1995,AFRI
ADMIN_TZA_00004,Tabora,1995,AFRI
ADMIN_TZA_00005,Rukwa,1995,AFRI
ADMIN_TZA_00006,Zanzibar North,1995,AFRI
ADMIN_TZA_00007,Dodoma,1995,AFRI
ADMIN_TZA_00008,Arusha,1995,AFRI
ADMIN_TZA_00009,Dar es Salaam,1995,AFRI
ADMIN_TZA_00010,Kigoma,1995,AFRI
ADMIN_TZA_00011,Mbeya,1995,AFRI
ADMIN_TZA_00012,Mara,1995,AFRI
ADMIN_TZA_00013,Pemba South,1995,AFRI
ADMIN_TZA_00014,Zanzibar Central/Sou,1995,AFRI
ADMIN_TZA_00015,Pemba North,1995,AFRI
ADMIN_TZA_00016,Mwanza,1995,AFRI
ADMIN_TZA_00017,Shinyanga,1995,AFRI
ADMIN_TZA_00018,Morogoro,1995,AFRI
ADMIN_TZA_00019,Kilimanjaro,1995,AFRI
ADMIN_TZA_00020,Singida,1995,AFRI
ADMIN_TZA_00021,Ziwa Magharibi,1995,AFRI
ADMIN_TZA_00022,Zanzibar Urban/West,1995,AFRI
ADMIN_TZA_00023,Ruvuma,1995,AFRI
ADMIN_TZA_00024,Pwani,1995,AFRI
ADMIN_ZAF_00000,Gauteng,1995,AFRI
ADMIN_ZAF_00001,KwaZulu/Natal,1995,AFRI
ADMIN_ZAF_00002,Western Cape,1995,AFRI
ADMIN_ZAF_00003,Prince Edwards Islan,1995,AFRI
ADMIN_ZAF_00006,Northern,1995,AFRI
ADMIN_ZAF_00007,Mpumalanga,1995,AFRI
ADMIN_ZAF_00008,Free State,1995,AFRI
ADMIN_ZAF_00009,Eastern Cape,1995,AFRI
ADMIN_AGO_00000,Huambo,1995,AFRA
ADMIN_AGO_00001,Cabinda,1995,AFRA
ADMIN_AGO_00002,Lunda Norte,1995,AFRA
ADMIN_AGO_00003,Cuanza Norte,1995,AFRA
ADMIN_AGO_00004,Bengo,1995,AFRA
ADMIN_AGO_00005,Bie,1995,AFRA
ADMIN_AGO_00006,Huila,1995,AFRA
ADMIN_AGO_00007,Moxico,1995,AFRA
ADMIN_AGO_00008,Uige,1995,AFRA
ADMIN_AGO_00009,Benguela,1995,AFRA
ADMIN_AGO_00010,Luanda,1995,AFRA
ADMIN_AGO_00011,Lunda Sul,1995,AFRA
ADMIN_AGO_00012,Malanje,1995,AFRA
ADMIN_AGO_00013,Cuando Cubango,1995,AFRA
ADMIN_AGO_00014,Zaire,1995,AFRA
ADMIN_AGO_00015,Cuanza Sul,1995,AFRA
ADMIN_AGO_00016,Cunene,1995,AFRA
ADMIN_AGO_00017,Namibe,1995,AFRA
ADMIN_BEN_00000,Oueme,1995,AFRA
ADMIN_BEN_00001,Zou,1995,AFRA
ADMIN_BEN_00002,Atakora,1995,AFRA
ADMIN_BEN_00003,Mono,1995,AFRA
ADMIN_BEN_00004,Borgou,1995,AFRA
ADMIN_BEN_00005,Atlantique,1995,AFRA
ADMIN_CIV_00000,Tiassale,1995,AFRA
ADMIN_CIV_00001,Gagnoa,1995,AFRA
ADMIN_CIV_00002,Sassandra,1995,AFRA
ADMIN_CIV_00003,Grand-Lahou,1995,AFRA
ADMIN_CIV_00004,Divo,1995,AFRA
ADMIN_CIV_00005,Tengrela,1995,AFRA
ADMIN_CIV_00006,Bouake,1995,AFRA
ADMIN_CIV_00007,Aboisso,1995,AFRA
ADMIN_CIV_00008,Odienne,1995,AFRA
ADMIN_CIV_00009,Soubre,1995,AFRA
ADMIN_CIV_00010,Lakota,1995,AFRA
ADMIN_CIV_00011,Agboville,1995,AFRA
ADMIN_CIV_00012,Katiola,1995,AFRA
ADMIN_CIV_00013,Tanda,1995,AFRA
ADMIN_CIV_00014,Abidjan,1995,AFRA
ADMIN_CIV_00015,Vavoua,1995,AFRA
ADMIN_CIV_00016,Dabakala,1995,AFRA
ADMIN_CIV_00017,San-Pedro,1995,AFRA
ADMIN_CIV_00018,Biankouma,1995,AFRA
ADMIN_CIV_00019,Agnibilekrou,1995,AFRA
ADMIN_CIV_00020,Ferkessedougou,1995,AFRA
ADMIN_CIV_00021,Mbahiakro,1995,AFRA
ADMIN_CIV_00022,Bongouanou,1995,AFRA
ADMIN_CIV_00023,Guiglo,1995,AFRA
ADMIN_CIV_00024,Duekoue,1995,AFRA
ADMIN_CIV_00025,Sinfra,1995,AFRA
ADMIN_CIV_00026,Toumodi,1995,AFRA
ADMIN_CIV_00027,Issia,1995,AFRA
ADMIN_CIV_00028,Oume,1995,AFRA
ADMIN_CIV_00029,Tabou,1995,AFRA
ADMIN_CIV_00030,Daoukro,1995,AFRA
ADMIN_CIV_00031,Adzope,1995,AFRA
ADMIN_CIV_00032,Dimbokro,1995,AFRA
ADMIN_CIV_00033,Boundiali,1995,AFRA
ADMIN_CIV_00034,Beoumi,1995,AFRA
ADMIN_CIV_00035,Bangolo,1995,AFRA
ADMIN_CIV_00036,Korhogo,1995,AFRA
ADMIN_CIV_00037,Seguela,1995,AFRA
ADMIN_CIV_00038,Bouna,1995,AFRA
ADMIN_CIV_00039,Zuenoula,1995,AFRA
ADMIN_CIV_00040,Mankono,1995,AFRA
ADMIN_CIV_00041,Abengourou,1995,AFRA
ADMIN_CIV_00042,Touba,1995,AFRA
ADMIN_CIV_00043,Daloa,1995,AFRA
ADMIN_CIV_00044,Bondoukou,1995,AFRA
ADMIN_CIV_00045,Man,1995,AFRA
ADMIN_CIV_00046,Danane,1995,AFRA
ADMIN_CIV_00047,Yamoussoukro,1995,AFRA
ADMIN_CIV_00048,Bouafle,1995,AFRA
ADMIN_CIV_00049,Sakassou,1995,AFRA
ADMIN_CMR_00000,Extreme-Nord,1995,AFRA
ADMIN_CMR_00001,Est,1995,AFRA
ADMIN_CMR_00002,Littoral,1995,AFRA
ADMIN_CMR_00003,Sud,1995,AFRA
ADMIN_CMR_00004,Adamoua,1995,AFRA
ADMIN_CMR_00005,Nord-Ouest,1995,AFRA
ADMIN_CMR_00006,Ouest,1995,AFRA
ADMIN_CMR_00007,Centre,1995,AFRA
ADMIN_CMR_00008,Nord,1995,AFRA
ADMIN_CMR_00009,Sud-Ouest,1995,AFRA
ADMIN_COD_00000,Kasai-Oriental,1995,AFRA
ADMIN_COD_00001,Kasai-Occidental,1995,AFRA
ADMIN_COD_00002,Bandundu,1995,AFRA
ADMIN_COD_00003,Equateur,1995,AFRA
ADMIN_COD_00004,Shaba,1995,AFRA
ADMIN_COD_00005,Kivu,1995,AFRA
ADMIN_COD_00006,Kinshasa,1995,AFRA
ADMIN_COD_00007,Bas-Zaire,1995,AFRA
ADMIN_COD_00008,Haut-Zaire,1995,AFRA
ADMIN_COG_00000,Niari,1995,AFRA
ADMIN_COG_00001,Sangha,1995,AFRA
ADMIN_COG_00002,Pool,1995,AFRA
ADMIN_COG_00003,Kouilou,1995,AFRA
ADMIN_COG_00004,Likouala,1995,AFRA
ADMIN_COG_00005,Cuvette,1995,AFRA
ADMIN_COG_00006,Bouenza,1995,AFRA
ADMIN_COG_00007,Plateaux,1995,AFRA
ADMIN_COG_00008,Lekoumou,1995,AFRA
ADMIN_ESH_00000,Saguia el Hamra,1995,AFRA
ADMIN_ESH_00001,Rio de Oro,1995,AFRA
ADMIN_GAB_00000,Ogooue-Ivindo,1995,AFRA
ADMIN_GAB_00001,Haut-Ogooue,1995,AFRA
ADMIN_GAB_00002,Nyanga,1995,AFRA
ADMIN_GAB_00003,Ogooue-Lolo,1995,AFRA
ADMIN_GAB_00004,Ngounie,1995,AFRA
ADMIN_GAB_00005,Estuaire,1995,AFRA
ADMIN_GAB_00006,Moyen-Ogooue,1995,AFRA
ADMIN_GAB_00007,Woleu-Ntem,1995,AFRA
ADMIN_GAB_00008,Ogooue-Maritime,1995,AFRA
ADMIN_GHA_00000,Western,1995,AFRA
ADMIN_GHA_00001,Upper East,1995,AFRA
ADMIN_GHA_00002,Volta,1995,AFRA
ADMIN_GHA_00003,Northern,1995,AFRA
ADMIN_GHA_00004,Upper West,1995,AFRA
ADMIN_GHA_00005,Central,1995,AFRA
ADMIN_GHA_00006,Ashanti,1995,AFRA
ADMIN_GHA_00007,Greater Accra,1995,AFRA
ADMIN_GHA_00008,Brong-Ahafo,1995,AFRA
ADMIN_GHA_00009,Eastern,1995,AFRA
ADMIN_GIN_00000,Kissidougou,1995,AFRA
ADMIN_GIN_00001,Dabola,1995,AFRA
ADMIN_GIN_00002,Nzerekore,1995,AFRA
ADMIN_GIN_00003,Coyah,1995,AFRA
ADMIN_GIN_00004,Boffa,1995,AFRA
ADMIN_GIN_00005,Kindia,1995,AFRA
ADMIN_GIN_00006,Dinguiraye,1995,AFRA
ADMIN_GIN_00007,Beyla,1995,AFRA
ADMIN_GIN_00008,Conakry,1995,AFRA
ADMIN_GIN_00009,Kankan,1995,AFRA
ADMIN_GIN_00010,Mamou,1995,AFRA
ADMIN_GIN_00011,Lelouma,1995,AFRA
ADMIN_GIN_00012,Tougue,1995,AFRA
ADMIN_GIN_00013,Faranah,1995,AFRA
ADMIN_GIN_00014,Dalaba,1995,AFRA
ADMIN_GIN_00015,Siguiri,1995,AFRA
ADMIN_GIN_00016,Koundara,1995,AFRA
ADMIN_GIN_00017,Koubia,1995,AFRA
ADMIN_GIN_00018,Labe,1995,AFRA
ADMIN_GIN_00019,Mali,1995,AFRA
ADMIN_GIN_00020,Telimele,1995,AFRA
ADMIN_GIN_00021,Boke,1995,AFRA
ADMIN_GIN_00022,Gueckedou,1995,AFRA
ADMIN_GIN_00023,Mandiana,1995,AFRA
ADMIN_GIN_00024,Fria,1995,AFRA
ADMIN_GIN_00025,Yomou,1995,AFRA
ADMIN_GIN_00026,Pita,1995,AFRA
ADMIN_GIN_00027,Lola,1995,AFRA
ADMIN_GIN_00028,Kerouane,1995,AFRA
ADMIN_GIN_00029,Macenta,1995,AFRA
ADMIN_GIN_00030,Kouroussa,1995,AFRA
ADMIN_GIN_00031,Gaoual,1995,AFRA
ADMIN_GIN_00032,Forecariah,1995,AFRA
ADMIN_GMB_00000,Kombo Saint Mary,1995,AFRA
ADMIN_GMB_00001,Lower River,1995,AFRA
ADMIN_GMB_00002,Upper River,1995,AFRA
ADMIN_GMB_00003,Banjul,1995,AFRA
ADMIN_GMB_00004,Western,1995,AFRA
ADMIN_GMB_00005,MacCarthy Island,1995,AFRA
ADMIN_GMB_00006,North Bank,1995,AFRA
ADMIN_GNB_00000,Quinara,1995,AFRA
ADMIN_GNB_00001,Boulgou,1995,AFRA
ADMIN_GNB_00002,Gabu,1995,AFRA
ADMIN_GNB_00003,Bafata,1995,AFRA
ADMIN_GNB_00004,Bolama,1995,AFRA
ADMIN_GNB_00005,Bissau,1995,AFRA
ADMIN_GNB_00006,Cacheu,1995,AFRA
ADMIN_GNB_00007,Tombali,1995,AFRA
ADMIN_GNB_00008,Biombo,1995,AFRA
ADMIN_GNB_00009,Oio,1995,AFRA
ADMIN_GNQ_00000,Wele-Nzas,1995,AFRA
ADMIN_GNQ_00001,Bioko Norte,1995,AFRA
ADMIN_GNQ_00002,Bioko Sur,1995,AFRA
ADMIN_GNQ_00003,Centro Sur,1995,AFRA
ADMIN_GNQ_00004,Kie-Ntem,1995,AFRA
ADMIN_GNQ_00005,Litoral,1995,AFRA
ADMIN_LBR_00000,Rivercess,1995,AFRA
ADMIN_LBR_00001,Lofa,1995,AFRA
ADMIN_LBR_00002,Bomi,1995,AFRA
ADMIN_LBR_00003,Grand Bassa,1995,AFRA
ADMIN_LBR_00004,Nimba,1995,AFRA
ADMIN_LBR_00005,Maryland,1995,AFRA
ADMIN_LBR_00006,Bong,1995,AFRA
ADMIN_LBR_00007,Montserrado,1995,AFRA
ADMIN_LBR_00008,Grand Cape Mount,1995,AFRA
ADMIN_LBR_00009,Grand Kru,1995,AFRA
ADMIN_LBR_00010,Grand Jide,1995,AFRA
ADMIN_LBR_00011,Sino,1995,AFRA
ADMIN_LBR_00012,Margibi,1995,AFRA
ADMIN_MAR_00000,North-West,1995,AFRA
ADMIN_MAR_00001,Centre-North,1995,AFRA
ADMIN_MAR_00002,Tensift,1995,AFRA
ADMIN_MAR_00003,South,1995,AFRA
ADMIN_MAR_00004,Centre-South,1995,AFRA
ADMIN_MAR_00005,Centre,1995,AFRA
ADMIN_MRT_00000,Tagant,1995,AFRA
ADMIN_MRT_00001,Gorgol,1995,AFRA
ADMIN_MRT_00002,Guidimaka,1995,AFRA
ADMIN_MRT_00003,Tiris Zemmour,1995,AFRA
ADMIN_MRT_00004,Trarza,1995,AFRA
ADMIN_MRT_00005,Assaba,1995,AFRA
ADMIN_MRT_00006,Dakhlet Nouadhibou,1995,AFRA
ADMIN_MRT_00007,Adrar,1995,AFRA
ADMIN_MRT_00008,Hodh el Gharbi,1995,AFRA
ADMIN_MRT_00009,Brakna,1995,AFRA
ADMIN_MRT_00010,Inchiri,1995,AFRA
ADMIN_MRT_00011,Hodh ech Chargui,1995,AFRA
ADMIN_NAM_00000,Hereroland Wes,1995,AFRA
ADMIN_NAM_00001,Luderitz,1995,AFRA
ADMIN_NAM_00002,Otjiwarongo,1995,AFRA
ADMIN_NAM_00003,Owambo,1995,AFRA
ADMIN_NAM_00004,Hereroland Oos,1995,AFRA
ADMIN_NAM_00005,Damaraland,1995,AFRA
ADMIN_NAM_00006,Gobabis,1995,AFRA
ADMIN_NAM_00007,Omaruru,1995,AFRA
ADMIN_NAM_00008,Grootfontein,1995,AFRA
ADMIN_NAM_00009,Namaland,1995,AFRA
ADMIN_NAM_00010,Mariental,1995,AFRA
ADMIN_NAM_00011,Outjo,1995,AFRA
ADMIN_NAM_00012,Rehoboth,1995,AFRA
ADMIN_NAM_00013,Keetmanshoop,1995,AFRA
ADMIN_NAM_00014,Boesmanland,1995,AFRA
ADMIN_NAM_00015,Windhoek,1995,AFRA
ADMIN_NAM_00016,Karibib,1995,AFRA
ADMIN_NAM_00017,Caprivi Oos,1995,AFRA
ADMIN_NAM_00018,Swakopmund,1995,AFRA
ADMIN_NAM_00019,Kaokoland,1995,AFRA
ADMIN_NAM_00020,Kavango,1995,AFRA
ADMIN_NAM_00021,Karasburg,1995,AFRA
ADMIN_NAM_00022,Maltahohe,1995,AFRA
ADMIN_NAM_00023,Okahandja,1995,AFRA
ADMIN_NAM_00024,Tsumeb,1995,AFRA
ADMIN_NAM_00025,Bethanien,1995,AFRA
ADMIN_NGA_00000,Kogi,1995,AFRA
ADMIN_NGA_00001,Niger,1995,AFRA
ADMIN_NGA_00002,Akwa Ibom,1995,AFRA
ADMIN_NGA_00003,Lagos,1995,AFRA
ADMIN_NGA_00004,Adamawa,1995,AFRA
ADMIN_NGA_00005,Taraba,1995,AFRA
ADMIN_NGA_00006,Cross River,1995,AFRA
ADMIN_NGA_00007,Benue,1995,AFRA
ADMIN_NGA_00008,Osun,1995,AFRA
ADMIN_NGA_00009,Edo,1995,AFRA
ADMIN_NGA_00010,Abia,1995,AFRA
ADMIN_NGA_00011,Anambra,1995,AFRA
ADMIN_NGA_00012,Oyo,1995,AFRA
ADMIN_NGA_00013,Enugu,1995,AFRA
ADMIN_NGA_00014,Abuja Capital Territ,1995,AFRA
ADMIN_NGA_00015,Delta,1995,AFRA
ADMIN_NGA_00016,Ondo,1995,AFRA
ADMIN_NGA_00017,Imo,1995,AFRA
ADMIN_NGA_00018,Ogun,1995,AFRA
ADMIN_NGA_00019,Kwara,1995,AFRA
ADMIN_NGA_00020,Plateau,1995,AFRA
ADMIN_NGA_00021,Sokoto,1995,AFRA
ADMIN_NGA_00022,Kaduna,1995,AFRA
ADMIN_NGA_00023,Yobe,1995,AFRA
ADMIN_NGA_00024,Kebbi,1995,AFRA
ADMIN_NGA_00025,Borno,1995,AFRA
ADMIN_NGA_00026,Bauchi,1995,AFRA
ADMIN_NGA_00027,Katsina,1995,AFRA
ADMIN_NGA_00028,Jigawa,1995,AFRA
ADMIN_NGA_00029,Rivers,1995,AFRA
ADMIN_NGA_00030,Kano,1995,AFRA
ADMIN_SEN_00000,Dakar,1995,AFRA
ADMIN_SEN_00001,Fatick,1995,AFRA
ADMIN_SEN_00002,Tambacounda,1995,AFRA
ADMIN_SEN_00003,Louga,1995,AFRA
ADMIN_SEN_00004,Kaolack,1995,AFRA
ADMIN_SEN_00005,Saint-Louis,1995,AFRA
ADMIN_SEN_00006,Kolda,1995,AFRA
ADMIN_SEN_00007,Thies,1995,AFRA
ADMIN_SEN_00008,Ziguinchor,1995,AFRA
ADMIN_SEN_00009,Diourbel,1995,AFRA
ADMIN_SLE_00000,Western Area,1995,AFRA
ADMIN_SLE_00001,Northern,1995,AFRA
ADMIN_SLE_00002,Southern,1995,AFRA
ADMIN_SLE_00003,Eastern,1995,AFRA
ADMIN_TGO_00000,Haho,1995,AFRA
ADMIN_TGO_00001,Kloto,1995,AFRA
ADMIN_TGO_00002,Zio,1995,AFRA
ADMIN_TGO_00003,Assoli,1995,AFRA
ADMIN_TGO_00004,Amou,1995,AFRA
ADMIN_TGO_00005,Oti,1995,AFRA
ADMIN_TGO_00006,Vo,1995,AFRA
ADMIN_TGO_00007,Nyala,1995,AFRA
ADMIN_TGO_00008,Binah,1995,AFRA
ADMIN_TGO_00009,Tchaoudjo,1995,AFRA
ADMIN_TGO_00010,Golfe,1995,AFRA
ADMIN_TGO_00011,Bassar,1995,AFRA
ADMIN_TGO_00012,Keran,1995,AFRA
ADMIN_TGO_00013,Lacs,1995,AFRA
ADMIN_TGO_00014,Ogou,1995,AFRA
ADMIN_TGO_00015,Wawa,1995,AFRA
ADMIN_TGO_00016,Kozah,1995,AFRA
ADMIN_TGO_00017,Tone,1995,AFRA
ADMIN_TGO_00018,Doufelgou,1995,AFRA
ADMIN_TGO_00019,Yoto,1995,AFRA
ADMIN_TGO_00020,Sotouboua,1995,AFRA
ADMIN_ZAF_00004,Northern Cape,1995,AFRA
ADMIN_ZAF_00005,North West,1995,AFRA
